x1,x2,x3,x4,x5,x6,y
-1.0,-0.5141319448838398,0.10334118921732627,-0.14470026280888637,0.5758979122930314,0.78543393332265,0.9768727982260864
-0.3042595476283665,-1.0,-0.7790013746665181,-0.1480843431344716,-1.0,-1.0,1.6212234438883564
0.07962506183135984,-1.0,-0.6946044803040626,0.06818438285057271,0.6534476552347794,0.8416968160693263,-0.08175452700700181
1.0,1.0,0.26899604131207555,0.27719500359236204,0.1860756714626175,0.7143037518911841,-0.4569185152306373
-0.510507755479819,-0.9827682902211204,-0.5666769488998646,0.4614280168958904,0.689029868873031,0.4299864603951316,-0.5674920636270582
0.43873495590001577,1.0,0.8701422914814689,0.0857153579874721,-0.5771763301523672,-0.602269740918721,-1.19170326035098
-0.8391385583899911,0.6150829936938036,-1.0,0.7482777497885575,0.4738983467551881,-0.12316663092939595,0.4050504415519792
-1.0,1.0,-1.0,-0.14481020842758163,0.030760958622058188,0.7765731813268251,9.974109810006134
-1.0,-1.0,-1.0,-0.9714189412389045,-0.4686269652856876,0.17730388046954554,-6.429649555102149
-0.05819227163411658,0.2824414672914396,-0.2934637712187288,0.7408018089369468,0.8504123346595529,1.0,4.737681552423065
-1.0,-0.7444429973057723,-1.0,-0.09519370974559406,0.2648650232626931,0.28153994909432034,-1.9451493120111345
-1.0,-0.6076271706301539,-1.0,-0.9399354184510837,0.35196509840199375,1.0,2.7238271204930378
1.0,1.0,0.4547809819920945,1.0,-1.0,-0.5489219694983766,7.01501727046656
-0.9287648269566242,-0.116308226395341,-1.0,-1.0,-0.1782978320890405,-1.0,4.327165129031694
-0.6272041100517484,0.10253321889077038,-0.4430196363173871,-0.08708274997569129,-0.9940314893010037,-0.4930120386376862,-2.448730798321251
-0.7292356821712502,-0.9522913912455324,-0.7286556729954108,-0.5599344510282507,-1.0,-0.19671431998360223,-1.3707628506424538
-0.1685103129353005,-0.8102273930522109,1.0,-0.8056465760959406,-1.0,-0.07492350292052685,3.322793990035362
1.0,-0.3086398295380839,1.0,1.0,1.0,0.616246700703216,-6.81086326054455
-1.0,0.2867392168213722,-1.0,0.49957317897927966,1.0,0.8135579302364189,6.0441681280435535
0.22537294023313847,-0.4886255929186527,0.9654642976264534,0.11671523013177865,1.0,0.6273438356093949,-2.4431452703573346
-0.5686279166286592,-1.0,-0.7284130456842816,0.35227626423890823,-0.7656837179098542,1.0,1.6782682328501735
-0.8948988460099723,-0.6162338629378749,-0.9501444331227189,-1.0,0.2947454585103366,-1.0,4.619157019857472
1.0,0.2699046905072129,0.1733183275230672,0.9383353875556183,1.0,1.0,0.536516092852042
-1.0,-1.0,-0.29582925708917673,-0.09676818808313148,-0.276454352071403,-0.8675515970841667,2.5155470864911726
-1.0,0.2978619973951009,-1.0,0.2292808273615451,-0.1237910361889577,1.0,8.805523739427532
-1.0,0.26365901691488236,-0.006907851484247329,0.06852972238887306,1.0,1.0,6.750363334038136
0.24785741518924342,0.4616833464628571,1.0,-0.5586720540028556,0.7289980979264253,0.5170100825825739,-1.3785151608204993
0.3994944984601624,-0.5638056196775022,0.3260831619963403,-0.21893475271799306,0.07309362667389052,-0.19875384299699905,0.5241853530961441
0.5361883024815488,0.7721795494143878,-0.13243526698423802,-0.27001543626489954,0.15193387776735356,0.5351041772330882,1.3681867910286978
-1.0,-0.6088559703318425,-1.0,-1.0,-0.5246743167737644,0.6514368753359915,-2.0641240984908675
0.8277082904552671,0.34248442822790287,0.3745631565677827,1.0,0.9448523703630534,0.5770736203781289,-1.7090948242547446
1.0,0.8444514367832663,0.8076476915720654,0.047482916737165315,-0.6576042907864578,-0.9219611196963292,4.241823348601022
0.3689635050804931,-0.5769546062805583,-0.5100735084236943,-1.0,-1.0,-1.0,5.541004747196229
-0.33956635952793546,1.0,1.0,-0.022168318811234683,1.0,0.09784313856702687,-1.8800810139810697
0.9490708549457737,0.10427678559899944,0.3180534764697171,0.44720533195983925,-1.0,0.08671184803481058,3.631441873777774
1.0,1.0,1.0,1.0,0.8647937767966722,-0.8232772712438856,-4.836199742294102
0.326303198162127,0.4548925761332848,1.0,0.6252175733250516,1.0,-0.632172203765245,-1.6706282602719003
0.33550842685035875,0.40955721640285947,0.10128800179964137,-1.0,-1.0,-1.0,4.954258330742112
0.1746159618723334,0.43936768400107146,-0.702964828626355,-0.6852165548629529,-0.4701253401382058,-0.4648694472350593,-0.9242318611075644
-1.0,0.3692433602802183,-0.3123271706776598,0.1449727656922951,-1.0,-0.6306870266781661,-1.3046078715877127
0.6472126166470777,0.2561055513348483,0.5856817311513518,1.0,-0.41137886748636454,-0.17226479938351558,1.1771013857665196
1.0,-0.19539839040306095,0.49263164317466557,1.0,-0.028692758772094984,0.7726861951018242,0.375724017091458
0.40335739091894607,0.167876610725479,-0.2608933346536839,1.0,0.4080434078895855,0.1487424204532476,-0.23928002651964264
-1.0,-0.19703849658823203,-0.9280027915654347,-0.027589806510436632,0.28594120039654514,-1.0,6.142616986180923
1.0,1.0,0.8794854829848231,1.0,0.38971514966391874,0.4130005284102425,-6.31685838930113
-1.0,0.5837603380360602,1.0,-0.1485516048114659,-0.7983503890944801,-1.0,-1.3897857588224614
-1.0,-1.0,-0.8109713651883318,-1.0,-0.03440997032606696,-0.0687771087850455,-5.112950531043071
-1.0,-0.9220705777533074,-0.6805159284422408,-1.0,0.2879389165945707,0.292576077986869,-3.8333802223049704
1.0,0.3155450059148628,1.0,1.0,-0.8840946004188839,-1.0,8.013726741800033
-0.32184836987670695,-1.0,-0.4655677432825025,-0.7547853253459615,0.6545849349580045,0.7020544103622166,0.016376941836350856
0.5065355723163069,-0.09017318616513714,-1.0,-1.0,-1.0,-1.0,3.2043135470371404
-0.28819010492539865,-0.29076543054504134,-0.9521764335147964,0.5250514051109576,-0.193201268331594,-1.0,2.562290452399929
-0.23693335532074133,-0.7992655855847028,-0.6714437561363118,-0.8929206429136458,0.8216434570237359,0.42767903579102584,-1.2136205155444684
-0.020784097351099762,1.0,0.5481946801018176,-1.0,1.0,1.0,5.154925047968029
1.0,1.0,1.0,0.10604366248094044,0.7425875972789464,0.10670248910472391,-4.756235082596041
-0.37081981999836644,-0.5506811607890227,0.21431933408296466,-0.726743571649122,0.3821027372675645,-0.9991017314830345,4.132002983961534
0.2795834748822189,0.8513996319016086,0.27903337569921494,1.0,0.36432027791744404,0.15298765706529194,-1.3351942026546315
-0.07096994270834978,1.0,-0.7808427822542967,0.21458810040457815,-0.3360095010995985,-0.9404992530940279,3.177895641919439
-0.4601366907887873,-0.36375452869493474,-0.281432911048628,-0.24732851297201883,0.29329475414497375,1.0,2.878419649298622
0.9235326167616829,0.4369227845425372,-0.868548886915406,1.0,0.2784964487622089,0.10999330248829109,-0.967972949334692
-0.5684268794705439,0.021179605783363253,0.5088878134938148,-0.8341087567404122,-1.0,1.0,0.8495390275619773
0.14085182831763077,0.34446039452546984,0.7900511419529326,0.10604366159146195,1.0,-0.7692315648638677,0.16361985084593925
0.9990318344259026,1.0,0.832212457428208,1.0,-1.0,-0.11419115862799095,3.7884904644865873
-0.7685441350582212,0.18352833684472153,0.03713941267249368,-1.0,-1.0,-0.7894243931596585,0.8388200975099903
-0.8232393596239482,-1.0,-1.0,-0.1871472639936269,0.46897165594666324,0.3544814195956988,-3.0833812830301714
-0.3245161220239378,-0.3958775769329128,-0.20604599591778577,0.03642817847386279,-0.7302327952959555,-0.2590456141337534,0.048094366053741455
1.0,-0.36429531980926133,-0.9519828887300756,-0.793718597074337,0.513851014581866,0.4097043122678897,-1.5705300567723635
0.6733670059873482,-0.041497162113113495,1.0,1.0,-0.3189989713582906,1.0,-1.5625649237361265
-0.8801710353843597,-0.15143911361464435,0.19488528809722572,-0.5944024375144283,0.8647075847995813,0.2541108360364605,2.0475357650720394
-0.914495462880959,-0.9622342768411172,-0.2980596758593652,-0.31522421722533145,-0.9851662836107274,-0.6949656304915285,0.7399910824480267
0.8134249659557042,0.172718170798371,0.025917171608239586,0.7814743680434696,1.0,-0.12851869544860872,-1.565872119641593
0.4632132875815579,-0.01557348800939029,0.5819398879161526,-0.44705406115703583,0.549806133689374,1.0,0.5562203317042155
-1.0,-0.2663533882501008,-1.0,0.21667034918424538,1.0,0.9927190179352849,7.982935538832077
0.9309420263428216,-0.23442123296602124,1.0,-0.7901157718555817,1.0,1.0,-6.791053180847395
0.3553705079995791,-0.7703593706102538,1.0,0.059830438688546206,0.09273678169441205,-0.055635118191265875,1.0407797351058956
0.7390453289120126,-0.968658580502372,-1.0,-0.18040610190941375,0.73742530608951,-0.773398061006167,-2.91363600379668
-0.2281745188183576,0.6334341739474518,1.0,1.0,0.15365089235520143,0.823067656140383,-3.599974739101925
-0.32624126927903513,0.577189981287739,0.3815000435271282,0.7403159236714585,0.1067114781847987,-0.7287715218637373,0.9042250710234324
0.7366431873012487,-0.8687320804542107,-1.0,-0.8517387455606268,0.1836513836196132,0.9095513350311137,-1.4715961794866899
-1.0,-0.737194350823384,-0.43895429804312536,-0.511341062414282,-1.0,0.5741300587493281,-2.26525149764042
-0.5920612682696496,-0.28692168169331483,-0.786100308381463,-0.15958665469731392,-1.0,-0.01409542626819027,-1.9298384910760638
-1.0,-1.0,-1.0,-0.9677649582794984,1.0,1.0,-1.1886824273406709
1.0,1.0,0.03365515867787512,0.7675370561427615,1.0,-0.47676225960819196,-1.0300379765441297
1.0,0.02016025989299064,1.0,0.7068552791601492,0.31200578237639576,-1.0,1.4127548031414974
-0.23817099902274885,-0.40637404882268613,-1.0,0.12303189839563292,1.0,0.5431858654145985,2.226644787607203
-1.0,-1.0,-1.0,-0.06869171859838666,0.13302216764058228,0.8460863610555507,-0.28339271602731964
0.6513227713239136,1.0,0.535410547050821,1.0,0.27183621447048956,0.3476691095704658,-3.0233955704166395
-1.0,-1.0,-1.0,-0.40129528279461796,0.2372343416827777,1.0,1.0342993278744397
-0.5430317980630196,-0.03990023188949299,-1.0,-0.3673168069840944,-0.7328289028706915,-1.0,3.155351023017529
0.9361978740095904,1.0,0.19876277202583892,1.0,0.3612192338572906,1.0,1.131647169666718
-0.19649051246225402,-1.0,-0.23926271606364224,-0.6786890975450222,1.0,0.3604822865118963,-0.40187125288551706
-1.0,-1.0,-1.0,-0.10457574310728046,0.7660944022774239,0.012246559215227215,-5.3977794643439205
0.10038703390451478,0.17713518346757054,-0.11851007135591507,0.6818641308829951,-0.3037635175410207,-1.0,3.190634448255138
-1.0,-1.0,-0.040924680580068706,-1.0,1.0,1.0,1.0610300135483015
1.0,0.9203709909017236,0.4254916187281532,-0.3432090843664461,1.0,0.10249918547603193,-1.8056845314165955
-1.0,-1.0,-1.0,-0.8525455074795114,-0.11779904432400357,-0.033092252597901384,-5.421612051295512
-0.6886741277869044,0.1876289339372853,-0.9658878690694137,-1.0,-0.660442012341117,-0.8740555680552129,0.46539299936851675
0.24151154092871846,-0.6081222620310358,0.3089547279594801,0.9661310768459407,1.0,0.12829121563836487,-0.4436839353861309
-0.7506051912700131,-0.6661088070932502,-0.508371280683763,-1.0,0.13527226319459074,0.3738062224771136,-1.9136263973693157
-0.6518533853488808,1.0,-0.7957153006256752,0.8506470680657376,1.0,0.9393236272592032,8.68552040016183
0.13750842110602235,-0.09658200540168016,-0.41357055399379616,0.1291646563849143,-1.0,0.514365902557146,1.3522661780919527
-1.0,-0.6543483603489386,-0.46607766301596587,-1.0,-1.0,-1.0,3.542485245857585
-1.0,-0.07734016573654201,1.0,-0.24029681386526985,-0.7009847782185841,-0.8872893948254714,-0.2945039498900841
-0.08235014303490529,1.0,-0.27198054256401566,-0.19117470200002668,1.0,0.3988020756952151,3.5309543573277034
-0.1033810739887624,-0.7716974858898168,0.034867524417211526,0.19716174322049768,0.30004172947270247,-0.7119714543540344,1.0827673784898577
0.2722041359888234,1.0,0.02107377852264225,0.34353654420985413,-0.1412168727996759,0.300904282132302,-0.07903988161154418
-1.0,0.4111646224162153,0.04556174091223819,-0.8013155276353268,-0.34154298403503747,-1.0,-0.6356918921448322
1.0,-0.49076082149663414,-0.47468708153468125,-0.4815655375483996,0.06665117355271787,0.83483048395391,0.18576530567792318
0.9149073802962191,0.9715412871720885,1.0,-0.2794180858866709,-1.0,0.8129840260612551,1.7431674401643262
1.0,0.7535455351817719,-0.3459497525212295,0.1137376971776708,0.49552617578449365,-0.28003143276143816,-0.678233441773309
0.4043448277323901,1.0,1.0,-0.30777462610072537,0.7328329486785713,-0.7026571153498022,-3.1105544047519667
1.0,1.0,0.29266212270472314,0.10108564980731805,-0.29933289975994215,-0.7264932471953515,2.726410718909488
-1.0,-0.8843972681998242,-0.7468633499910788,-0.08026572886729483,-0.8365583401930519,-1.0,0.37611037492174454
0.12762332962858614,0.5581141864928176,-0.07092857914324446,-0.3676915499360615,0.9699952753217258,1.0,5.491921459677009
-0.7020407396264802,-0.5550986778503991,-1.0,0.7265913582628065,-1.0,-1.0,-0.13331729231382553
0.281033001539173,0.4975278726460617,-1.0,-0.31591891469816125,-0.42572249133303,0.5668199570767483,2.3945503270843362
1.0,0.3119499179924333,1.0,0.2587503403009752,-1.0,-0.4866515594408707,5.525677453093404
0.22419251884174018,-0.04310300358623606,0.8380875477175443,-0.9399724267529843,-0.790384974814625,1.0,1.3713235118627654
0.2790058253760845,1.0,-0.8120513119785233,0.5793995845913926,-1.0,-1.0,4.540969497157977
0.7333305802856974,1.0,0.0630840787818876,0.28502438346263803,-0.5489154131535849,-1.0,4.092188605196413
1.0,0.8687863882415545,-0.2565951236574596,-0.9097949151216675,-0.797537575915173,0.07828074463192503,6.2925261125659
-0.23756631367374376,-0.7207915952794195,0.660394242289047,0.11239672681585477,-1.0,-0.40234306730580116,1.254116078170739
-0.2757554662324857,-1.0,-1.0,-1.0,0.20559350998411707,0.8603411613607088,-2.2125502791491947
0.1749586951575202,-1.0,-1.0,-0.27384129222739584,-1.0,-0.06304864196303916,-0.8325831105864073
0.5795759037826247,-0.19033006670467642,-0.5000705378931862,-0.32764015060901497,-0.9045968576765043,0.1646823626942136,1.1550126455703404
-1.0,0.4286236742484876,-1.0,0.5754350712623566,0.4277733388076872,-0.7610858518242276,3.847082712244802
-0.9409470242894875,-1.0,-0.5426857554874951,-0.7228879394932959,0.16915278667325961,1.0,-1.8886683343874695
-1.0,-1.0,-0.8756725833245205,-0.10739627936874463,1.0,-0.6031605523551662,-1.1737238528980827
0.8940124995787986,1.0,0.5538934032004329,0.7914657530136184,0.2540475198977321,0.04157433260922378,-2.0548300836438775
0.8820149955779628,0.3606405849265253,1.0,0.2758005270860225,-0.4017429012851622,-0.09107737988467168,1.5862740526120938
1.0,1.0,1.0,0.03972790481007271,-0.1963393795096019,-0.2734876858456046,-1.1480959237968753
0.5915973605622802,-1.0,-0.09345767470103777,-0.49954266669131786,-0.58228391885636,-0.5170832447958915,3.190492304901359
-0.10810437375927484,-0.20429063381443324,-0.3509025882274114,-0.7541020768336038,0.4230148741774652,0.5801071460832811,0.7033844031112055
0.19224187652161087,-0.01553259093457432,0.864323911767013,-0.8804585194763981,-1.0,-1.0,1.8039892590590956
1.0,0.28843466238510085,0.2766577144981771,-0.7961614001825206,1.0,-1.0,1.3854893501314711
0.4869991981004983,-0.16064366765229926,0.9083975895788527,0.1158116500906829,-0.7525303967140184,0.009686055066719934,1.074068310851893
-0.47102818176855826,-0.9620546394463125,-1.0,-0.20824516522619002,1.0,0.6809791492412822,0.3936947891846061
-0.8319517898784592,-1.0,-0.45507377897116275,-1.0,-0.19924297615410314,1.0,-3.0717304206534797
1.0,1.0,0.19038367655780639,0.7829454477483145,0.316301513423033,-0.13667413427272612,-0.07720502576305455
0.7519271224627297,1.0,1.0,-0.024002618871384718,-0.9774215558653416,-0.8285976754256693,0.25216266993627956
-0.8077258945743593,-0.9640585142501453,0.6128097201263607,0.1650733898331948,1.0,1.0,3.4846289271981687
0.8662807342856883,-0.3550076623732825,1.0,0.4752329338274509,0.04881329089546016,0.1636986836349914,0.1130649127592453
-0.3690515387559251,-0.32973666941431534,1.0,0.7296294713297758,-0.747652078639179,-0.19832807480768985,-1.6648680982735804
-1.0,-1.0,-0.6978830029166672,-0.6188415595988925,-0.7559352929823289,-0.7784922733892663,1.2783854579590543
0.21851714639389275,1.0,-0.7110695182379849,-0.17871222078760568,-1.0,0.03189933658392646,1.7794442059986297
-1.0,-1.0,-1.0,-1.0,-1.0,0.7070711966676474,-1.2883458455937156
0.1794890494186363,0.9575225563763532,0.544810213383575,0.6892410207249076,0.23175538159624992,0.3595472838759115,-1.6125681396686076
-0.930043032022602,0.0007855614885025064,-0.08939073340854442,-0.14060922638305012,0.3186639535086887,-0.9726432759287883,4.107384050622297
0.7429734182133252,0.5409183045462431,0.8304355829929628,0.3894440416327921,1.0,-0.034938886797379665,-2.812089191634632
-0.7220660757256112,0.1358686387300514,0.10234506347443723,0.11299446160567583,-1.0,-1.0,-0.23762937956912122
0.5802116465928628,0.7761422463855616,0.3262771237635851,0.8304127033186981,1.0,0.9387940139985813,0.6700134430878208
-0.3030910490405012,0.08732502418839849,1.0,0.07825777320507654,0.11065383707797655,-0.45230710204129493,0.24241236297225166
0.08954863127850976,1.0,1.0,1.0,-0.9428803541023872,-0.5528592629101683,0.5806253101146072
-1.0,-0.9588784257546703,0.4782705025906797,-0.9989826763120281,0.05797615486729679,-0.15109482569919086,0.6621645456216638
-1.0,-0.9566607946739069,-1.0,0.398002762599858,0.19943161745342275,0.14316860986204577,-4.7434263171856434
0.46291873826441676,-1.0,-1.0,0.5672383661217741,-0.1773711709699386,-1.0,1.6403061096023115
-1.0,-1.0,-1.0,0.199762311053314,1.0,-0.5594437944038009,-2.047165880383484
0.2351945222631895,0.6068331746172226,1.0,0.7851615513509842,-0.8951911646880768,-0.9048121428455084,1.413050497736998
-0.09969813829373766,1.0,-0.9917023953666226,-0.325281282127697,-0.5015953153958359,-1.0,3.466180406276504
0.24543861109455217,0.42190243594102195,1.0,0.13180372257044493,1.0,0.20895450786273584,-2.9163259262710097
-1.0,0.014736214677470216,-1.0,-1.0,0.9505861004291258,1.0,7.891235243833168
1.0,1.0,0.8583203239513963,0.9178359282564501,-1.0,0.18167618504569327,3.8723326166090777
0.28770017843762286,-1.0,-1.0,-0.3512416257616696,-0.24296933223088335,-1.0,2.09912540692671
0.166592281555566,-1.0,-0.33480918043059393,-0.11257147552399926,0.40262065962252236,-0.5996584595146972,-0.2070278686473906
-0.25837387447262694,-0.11076772177658178,0.48177236921620303,-0.16870889237676978,-0.49723766734308544,1.0,0.22323666814651066
-0.6052398737392038,-1.0,-1.0,0.5605645415597373,-0.4919616410245484,-1.0,-0.7191072803163433
-0.039571095035680015,-0.3544981102958398,-0.5183235933975349,-0.6683881043653557,-0.3611672842754017,1.0,3.2892140076327685
0.7652660561334075,1.0,0.16444592456931684,1.0,-1.0,-0.02317272086960287,5.027676935457075
-0.29808810501705163,-1.0,-1.0,-1.0,1.0,-0.41488037592495997,-3.874246847937758
0.11991509237928566,1.0,0.0772085595601283,-0.23126134363710643,1.0,0.6776404187993779,2.9224703452096947
-1.0,-0.15710054515570326,-0.27256326017106236,-0.9837381253352813,-0.5313858615578728,0.39270123246532723,-0.6920877355987349
-0.7071362372803357,-1.0,-0.23757584101304796,-0.24974647735083266,0.23735757669173707,-0.36209176874193905,1.1500874776526202
0.37567637546882776,-0.11580365295912881,0.2658188894035374,0.07567030485739923,0.5903495028531986,0.3963734281662651,-0.7484344167780526
-0.25286475505322814,-0.26915663722289085,-0.4151192160200934,-0.7955078129319011,-1.0,-0.5880183069029199,1.4829211402074738
-1.0,-0.11110687702646826,-1.0,-1.0,1.0,0.6897092320950939,3.2823426613680007
-1.0,-0.5857060997002359,-0.5340970920809105,-0.13684688849765736,-0.10131223364593345,-0.13263451621295652,-1.1838262928705083
0.2494705632324301,-0.49026443076291915,0.8958535221063697,1.0,-1.0,-0.12279333372009704,1.5821418544758017
0.29395814876112025,1.0,-0.6311583801518703,-0.26886770025673035,-0.0022775275275008777,-1.0,1.158726309156127
-1.0,-0.04874337863966338,-0.7113464568353848,-0.7821750711829565,-0.565491438720365,1.0,3.2005789049213456
0.24020082864049352,1.0,0.34634148230032424,0.3106681955271442,1.0,-1.0,1.6884751192124656
0.7342612761217318,0.0038695588954458238,1.0,0.4927330642979304,1.0,1.0,-2.843225690811561
0.07535104127325633,0.397473006553786,0.7461961567856021,0.3324299952306975,1.0,0.7007614627587055,-0.7201699603623581
-0.9030318169672169,-0.9186224243379306,-0.5196299816795249,-1.0,0.10523122775221194,0.6508059138453748,-3.6883926133174234
-0.8782483070562593,0.10894949984517888,-0.42898237797364225,0.7011159114407134,0.38794533915607443,-0.34220024329471266,0.9892942395728075
1.0,1.0,1.0,0.4019081965711577,-1.0,-1.0,4.676613265256311
1.0,0.24661986186976267,0.3701918293291061,1.0,-1.0,-0.16522015375951427,4.333309000670531
1.0,0.44609957902602737,-1.0,-1.0,-0.7166193750325267,-0.4968897021021831,3.4027269216437848
-0.5301798172496126,-0.9514312853078386,-0.6141530062930654,0.4776905496008898,1.0,1.0,4.849766131422806
1.0,0.3878433311062044,-0.25612953963865814,1.0,-0.9109455257129009,-0.045607684256326525,2.5467954899047585
1.0,0.9367989015866709,0.33273270306764147,0.8525681437373527,0.8481480775404427,-0.5125096258691102,-1.5569131123762727
0.7678108825210719,1.0,-0.4586604675943493,1.0,-1.0,-0.9346004632474977,8.946296210776831
1.0,1.0,1.0,1.0,1.0,-1.0,-6.22792803518412
0.38483887881257,-1.0,0.7170356978326096,0.2739132825271765,-0.14207893929940324,0.14714206494694215,2.5544003042883254
0.4791873911768838,1.0,1.0,0.5216762523994259,-0.9492163839091626,-1.0,0.8472911615810598
-0.12158445830353759,1.0,-0.26949491873148007,0.9510458190375544,-0.10187781907920002,1.0,3.3096812603757297
0.34033510499698166,1.0,0.9002344431356974,0.3848529092385726,0.326857984169769,0.5899653162142215,-3.2577666068835884
0.5616526715593668,0.7966148095334393,1.0,-0.24209995737861495,-0.4334852660905697,-1.0,0.4861785680822731
1.0,0.24382590892059386,1.0,1.0,-1.0,-1.0,8.20983375008991
1.0,0.8587478149827394,1.0,0.18880963379847104,0.049749848695748944,0.8362044372427211,-2.835860387093012
-1.0,-0.5392979849287881,-0.02676558896450687,-0.44337734389778305,-0.4055283704172731,-1.0,3.0092684054552965
1.0,0.04495713593522943,0.03367944593774541,1.0,-1.0,-0.16581809468044106,3.007916062192664
0.019459951438689838,0.2851950230206065,0.7576967374224767,-0.08933251649567286,-0.8309477620374377,-0.06525980679702187,-0.4092311032781331
0.710936819782702,1.0,1.0,1.0,-0.21949234983915253,-1.0,2.1941440103078587
0.7294875632470038,0.9328968718990839,0.31370367525969384,0.38282825899609124,-1.0,0.6461501522201714,3.127446304815012
-1.0,-0.112131268841414,-0.0731386797456286,-0.6206246820479209,-0.776159468528942,-1.0,-0.7972184211703851
-1.0,0.12045798749680395,-0.22502539670105298,-1.0,-1.0,-0.8808781910437851,-1.0196984088022836
0.2918189434571966,-1.0,0.2956991716636678,-1.0,1.0,-1.0,7.255176935382716
-1.0,-1.0,-1.0,-1.0,1.0,0.38444716277352153,-7.272724572400504
1.0,1.0,0.10037879654365506,1.0,0.25885835725564665,1.0,2.1267808559406496
-0.46177618159249845,0.2282248394682484,-1.0,0.9632934956724245,1.0,0.18987345070279504,-0.3725731309382335
0.8386239987012186,0.8285027903447624,0.6467241521362465,1.0,-0.28335812585017106,-0.820796053420074,4.900289207800778
-1.0,-0.20967575369558097,-0.5449915788114517,1.0,1.0,0.19383515718959812,2.627123539314635
0.4251466044029819,0.37800872969858434,1.0,0.41686221455867845,1.0,-0.29964343660427395,-1.610864108831517
0.07418847659144312,0.9169448357821548,1.0,1.0,1.0,-0.9354101831346915,-4.5039670228006266
-1.0,-1.0,0.17098019221230285,-1.0,-1.0,-0.8227727380325399,6.7106046168205715
0.03048961987729677,-1.0,-0.18935910313997817,-0.03635851090938669,-1.0,0.33828470208502043,1.5590568332862196
-0.501070071614621,0.8432218027564817,-1.0,-0.3347375748185203,1.0,-0.5290157228710552,2.0452962536692634
-0.33390650020477086,0.36370931132330864,-0.12638763499691053,-1.0,-1.0,-1.0,1.055713951922899
0.19206888097538927,-0.32626002998626646,1.0,-0.49113943526998033,-1.0,-0.1899877076651921,1.1087868446487088
0.16779177283165814,-1.0,-0.737309857293543,-1.0,1.0,-0.36753806778699566,-2.530379476902876
0.2421310929250473,-0.25949436443890284,-0.7090550286414306,1.0,-0.562517496242395,1.0,4.956848548201211
0.37409903988697424,1.0,-0.18886602944267183,-0.7751041350046713,-1.0,-0.13948720519416102,4.504468366074617
0.3996028832876551,1.0,0.2899236282624978,-0.0025654688385550184,-1.0,-0.3579571566926183,-0.2646200489157371
-0.4830318131404875,-0.0026782213926341836,0.046589515516992946,-1.0,-0.22880520369724722,-0.22860024607763174,0.8466977433265968
1.0,0.8404338246349017,0.7577713059516151,1.0,-0.7396438611299169,-0.3902364971410591,5.005048809642612
0.4411742840349069,1.0,0.6263800989940533,1.0,1.0,-0.09165565356309624,-4.099637110266504
0.288020851471269,1.0,0.9342710234198394,1.0,1.0,1.0,-5.37970254762356
-0.07288338245969594,-1.0,-1.0,-0.2827128705755216,1.0,0.6365619809475005,-1.4116379858523072
-1.0,-0.8518810410688972,-1.0,-1.0,0.3365589370145796,-0.6564394744857666,-1.8023350832643186
-1.0,-1.0,-1.0,-1.0,-1.0,-1.0,3.87326204577992
-0.6928112303299574,0.23261374228355508,-0.20527946813300274,-0.26673949271497943,-1.0,-1.0,-1.3903048306306625
0.4119063202667813,1.0,-0.4427705437590663,-0.493723814127156,-0.21672582229340787,0.25508065284145043,2.5023858457177104
-1.0,-0.9932972968337175,-0.42138215345496033,0.13317577274356945,-0.7401194140934126,-1.0,0.5035116097262087
-0.8261245944607484,-1.0,-0.15372974232563075,-0.3240944315711066,1.0,0.5218557211908539,2.192108104744206
-1.0,-0.45617568835086686,-0.1610181409442737,-1.0,-0.5480604624791785,0.3126549684207611,-1.3048898510594498
-0.944527972291531,-1.0,-0.16438194264029127,-0.47162018916895654,0.4349604946083505,0.8679971057224852,0.5369863099475478
-1.0,-0.6808671701997213,-0.6561979031708052,-0.830277921663978,-0.9831596496240366,-0.1292437127818654,-1.0903408976700997
-0.18832728509310614,-0.25257093040005846,0.725813939840523,-1.0,-0.6596789211585192,-0.744904524679969,1.4076865342338898
-0.3910313950126476,0.7688769039524029,0.49478340714899627,-0.5572306518436756,-0.7168754201041783,-0.7341770904255456,-1.1699307008817244
-1.0,-0.24446323976257123,0.2905186623251832,-1.0,-0.4599007760108085,-0.6281816295184905,0.25586379579992247
1.0,1.0,1.0,0.4402050532671804,-0.12467163665575434,-1.0,1.1439649516307004
-1.0,-0.9491888100461241,-0.18754304687791046,-0.30242236303955716,-1.0,-0.5329237761087664,0.452097645696138
-0.3762958251942163,1.0,0.042736670421399114,-1.0,-1.0,0.48366816511864585,4.985770843517156
-1.0,-0.005999405484218956,-0.9859730772223434,-1.0,0.6740577498643127,-1.0,6.521561932296677
-0.5298114548045303,-1.0,0.39100906710866645,-0.4756568837370408,0.28871910581995647,-0.40514665061337685,3.643339125119285
0.28473185403128176,0.23672200154876077,0.22900574288818887,0.30791056348402435,-0.7401094767490631,1.0,3.6426238193558396
1.0,1.0,1.0,1.0,-0.7372194773015815,-0.0567093814636932,1.9514622703636764
-1.0,-0.2183326360209641,0.90046538443382,-0.08104350897251739,-1.0,-0.7631132023306009,-1.4771747973544909
-1.0,-0.40750561376296107,-0.03932025467800038,-1.0,1.0,1.0,5.432866370032223
-1.0,-0.4604403729128994,-0.6341589098571907,-0.9355232353585576,0.40549041553611576,0.5020384469672012,-0.4303676000538653
1.0,0.4096656091363362,0.7807878729421129,1.0,-1.0,0.8822381165149965,3.909038027187276
-0.21626337117045646,-0.09878532645788163,-0.5102255762193573,-0.9959131383444793,-0.8527416792099731,-0.5493635057469657,1.424059254737562
1.0,1.0,1.0,1.0,-1.0,0.37125443218638843,3.2801147397835386
1.0,1.0,-0.6004157260376035,-0.0036384781438573988,0.7199528874062163,1.0,4.025090129668925
0.2937513360129618,1.0,0.6038370427639905,0.08724727635379037,-0.1219724861577165,0.2873458400020462,-1.8037861310907073
0.7141006328903389,0.4742189457555618,0.8803327359607489,0.9278647177104077,0.6961982019663049,-1.0,-0.6407147665114516
-0.2965731669237095,0.08799187863963764,0.6972327040982599,0.26562281975017304,1.0,0.11999365035308451,0.10953345728540809
-1.0,0.4020255121311837,-0.5731318967356188,-1.0,-1.0,-1.0,-1.4710365115748718
0.7401638149096423,0.8562066700364761,1.0,0.5661352180933978,0.7446439110195635,0.7467564558779496,-5.6095463364544855
0.22605346731225162,0.13316649528773183,0.2990545326674904,1.0,-0.38763868238080523,-1.0,3.461942933403681
0.12996762331944106,-0.1709737394692722,-0.029448842043890325,-0.9382290899719391,0.03625247984009211,0.07138357413240554,0.28214572878538946
-0.9829824849996466,-0.042030954060950865,0.03572134301465857,-1.0,0.278938166199693,1.0,1.359678652942015
-0.6775983870883316,1.0,0.4233401921071117,1.0,-1.0,-0.8748840996229273,1.0739692411815762
-1.0,-0.6463690710330212,-0.49057385643516715,-0.9109845583815062,0.8359974421363771,0.5454088342718642,0.9688058696614008
-0.6150363943892516,-1.0,-0.12597518265426222,-0.6266272332769001,-1.0,0.7310959459135866,1.1262186365184474
-0.4219007066902545,-0.17839610141946594,-0.557353180738659,-0.49907917188306095,0.1792921543358421,0.349436326428854,1.0690797694026268
-1.0,-1.0,-0.4908455624078474,-0.10385016120829738,1.0,0.6042160661737734,1.5024251354065066
-1.0,-0.26990853230475464,0.868278398178345,-0.9011828782046822,-0.7884901133171465,0.19682358719986104,-2.215871438380547
-0.47426283567652383,-0.9389363404656172,-0.9044541347934671,-1.0,0.6218986725859665,-0.8890761909256598,1.3399838470231482
-1.0,-0.47604032009608654,-1.0,-0.32063814163332566,-0.9624597536572059,0.6399484885951208,-0.1969031141902957
-0.20464715766601443,-1.0,-0.325333860373872,-1.0,-0.9115330317659068,-1.0,8.283202996987768
-0.16100917793573188,-0.5022089669734187,-0.3171076140436503,0.736073976318442,1.0,1.0,6.369050907106825
0.11305945775766013,0.9790582018420191,0.16075433352917723,-0.30478685023496266,1.0,0.7775878030121915,4.389629091914838
0.3867737442024144,0.908020634133248,-0.30325390640979333,0.21534012610819564,0.06437489179245143,-0.2980244761053123,0.2856100859975672
0.41215102669584175,1.0,-0.5310934323012186,0.36874630578355205,-0.6937765967174498,-1.0,3.860530818923147
-0.16959363221155477,-0.23610462903977664,-0.13613716650097774,0.116389312318462,0.07999459610543147,-1.0,2.7768484287420945
-1.0,0.11349302399396988,0.7574355020763014,-0.10607365903502852,0.2561983716663536,0.4206907334252339,-0.8313608633221476
-1.0,-1.0,-0.08903557496261949,-1.0,1.0,0.4450290885379182,1.5337695487337788
-0.2068231380153438,0.6743959472758025,-1.0,-0.3993213863286176,0.8782825017243376,0.37213275338130747,3.5450249605747457
-1.0,-0.4242758481559826,-0.7947351556104314,-0.19677936932727141,0.4835749852240703,-0.7170189848019408,3.2134974810469954
1.0,0.3260924007130492,1.0,-0.32285202172084626,-0.18259554789607013,-1.0,4.336275031335412
-0.05853860418571222,0.08703131389814533,1.0,0.8422400356017485,-0.29986945796416065,0.3464910711353296,-2.4602433684455356
0.7743861812056048,0.8437584059703394,0.20481257480945936,0.8722663332654461,-1.0,-0.7491419578512486,5.814694629717794
0.9719151798945711,1.0,1.0,1.0,-0.7226022165246239,-0.7718332176785576,6.511953296382027
0.85559711959756,-0.03685976677058361,-0.18817356849380062,0.3173730261326732,-0.017742394291589747,0.6124198503747946,1.3359615658199302
-1.0,-1.0,0.6668231858785044,-0.2947953391243501,-0.7318640502262141,-0.658889777070952,2.377586636289283
0.43877865172601904,-0.2701058198384112,1.0,1.0,-1.0,-1.0,3.162580752643579
0.9674875739887517,0.6874111143769742,0.734814470340355,1.0,0.6788224167250464,1.0,-3.4525176875594177
-1.0,-0.8801028401586011,-1.0,-0.023094828325338324,-0.054922926820275775,-0.014966514890272675,-3.2180368526159833
0.4921241643935834,1.0,-0.06322177338641871,0.820927041414249,-1.0,0.5537037405215386,3.905683858116162
0.7536908817829286,-0.13651511076024092,1.0,0.2816910848358411,0.28424582547467125,-0.2750882043460604,-0.752100626174507
0.8160622663458272,0.923975239293588,-0.18855937751101143,-0.2765424092500979,-0.17851494026213333,-0.43532815372302414,-0.09369542240664541
1.0,0.7041001190033915,1.0,1.0,-0.09577755672780908,-0.10620023511028615,0.5403474402264833
0.1268465159322021,-0.4540245290373355,-1.0,-1.0,1.0,1.0,3.418027292336711
0.5689172599795889,1.0,1.0,1.0,1.0,0.3924543876493949,-7.702253461325897
-0.011882600088177764,-0.852690995121913,-1.0,-0.7202855287322916,0.33834881010976137,-1.0,2.597048727697813
0.542870106186822,0.71060291838671,0.8015383414885499,0.8616724177252292,-0.32160107389661363,-0.18440109234165436,0.1987656544717212
0.7405423042453032,-0.3659986462733098,0.5970926309655789,1.0,0.48527069372067594,-1.0,0.7795536958357849
0.7875362175099907,0.9935864987897836,0.07572963867993643,1.0,-0.5694999435422397,-0.8091262119574472,5.29001068799879
0.07396929778612527,0.40961702744390704,-0.006093136971397822,0.5609660710381977,-1.0,-1.0,2.2705888371875176
-0.24151927492290887,0.6296739335692426,-0.1781256231383657,0.7473857757584961,-0.4162488507702229,-0.29670319766837183,-0.46334865155444777
0.2793128629581372,0.33246290379047083,0.7396964064805107,0.4449929273244405,-1.0,0.05929697918718002,1.301606055831639
-0.8693390619771351,-0.9727096695376356,-0.46656577758321616,-0.8612329471472913,1.0,0.17170071190925762,0.16247391349738272
0.541083496396104,0.584893442417012,0.810359923613875,0.6695881520969235,0.17770134778059204,0.21303931842839668,-1.4925163354367195
0.7510046181912081,0.49887510454735146,0.9132717829516763,-0.5366724977205639,-1.0,0.475805416869369,0.8114752268637953
0.6038571197237567,1.0,-0.5592349768145165,-0.32887468696482086,-0.011548390264898678,-0.06968657571234016,1.3386311219142035
1.0,1.0,0.28640559228037565,1.0,0.23045781889736594,0.7955422343972282,-1.130221665743139
1.0,0.5961928169256092,1.0,1.0,-0.46024951294913596,1.0,-1.018367823867966
-0.24405698733149667,-0.5626464967749178,0.9264359427960686,-0.1563051033901472,1.0,1.0,-1.283983233664026
-0.7405130137441922,-0.33708037840272853,0.4476376263267652,0.7391573265313285,1.0,1.0,4.305236566844742
-1.0,0.13591375622969698,-1.0,-0.4070091009882906,-0.7592292237400902,0.3002464142959387,-1.021452335096765
-1.0,-0.47030780532455296,-0.47318697209671323,-0.14239771794640405,0.28981822892489534,-0.41823173213443066,2.1994361603015724
-0.9152605395128435,0.5971086805874504,-0.5702197785748109,0.42438357469610327,-1.0,-0.27063022953496896,-2.4715628845837436
1.0,0.09292228711799955,1.0,1.0,0.8641543706759711,1.0,-5.839288069917399
0.37912752033619745,0.7762805552223956,1.0,0.1626375448987406,-1.0,-0.8853750530096295,0.4014840482716871
0.18121793114193774,0.20368739847417916,1.0,0.7774461669844994,0.14004788160952297,-0.4865180549209889,0.3817891487448678
0.20937807279220783,-1.0,1.0,-0.3542794097757792,-1.0,0.46881986867322956,3.0009767659366324
-0.7615292301594115,-0.8258871967510815,-0.21037608422603502,0.5907276924061522,-0.39605097291523217,0.2241786418512031,-1.2562787939010702
-0.07122068633088818,-1.0,-0.6258871028296781,-0.7240876290786202,-0.6103409698524125,-1.0,3.4334179328223717
0.396860542810471,1.0,0.5601874390870889,0.04269991444931143,0.4834403306245332,0.0023980169129745876,-1.5139351032488955
-0.7312932516918881,0.12033638106572167,-0.9645606181446742,-1.0,0.11227684095924717,-0.6367065501902549,0.7018067173390684
-0.5820133835607989,0.5443762501062642,1.0,-0.46354684706147126,0.5644754724301435,1.0,-0.2447885584079071
-1.0,-1.0,-0.6804939934336136,-1.0,0.5106027626245749,0.9104606059369886,-3.200408943096224
-0.9269134867281201,-1.0,-0.022039608671587718,-1.0,-0.17259027896433132,-0.02492593976596058,-0.5119495018017818
-1.0,-1.0,-0.9395525024179818,-0.9192537653065078,0.9054110810555104,0.3571223811758124,-5.5446160034293905
0.2223680739303664,-1.0,-0.777176613216166,0.42903624071688623,-1.0,-1.0,1.734315752132174
-0.13365292100557258,-0.6872333331323321,0.5371298533964655,-0.9441717938546492,-0.22565842988510787,-0.2331442592829217,1.3186799848555375
-0.048043652574306206,-0.8096352041687429,-0.8981053774133472,-1.0,0.0045011238953291954,-1.0,2.8534341769769167
-0.5068461915815639,-0.9694275792787539,-1.0,-1.0,0.6024350399084815,0.7418427309912439,-3.0854083695217676
-1.0,-1.0,0.06744020263256145,-0.5898134970702751,0.5415676705632434,1.0,0.2118198057199684
-0.8118421562266805,-1.0,-0.453352539244241,-1.0,-0.7107537220560695,-0.9459781231825304,4.335540534417376
0.7706430875816461,1.0,0.767184054105037,1.0,-0.04651945014490333,0.9369113387110157,-3.216671752366968
1.0,-0.3115319683776192,-0.32132475926426307,1.0,0.8153188109250789,1.0,2.6095517929116556
0.6066865754794328,0.6427973760779168,-0.0176186839878176,1.0,-1.0,-0.34334806549588337,4.108180644450291
-1.0,-0.31895979770749694,-0.29542908873834617,-0.5503378642754901,-0.6100572964425741,0.2646416123305959,-2.6228942670020547
-1.0,-0.23830918048066052,-0.44614678826701426,-0.7064625995900322,0.9842248077894815,1.0,6.4731326986541164
1.0,1.0,0.1531568717957006,-0.012969583655260797,0.6761246382278556,1.0,0.8224714405395719
0.9219356637707596,0.8611702214653039,-1.0,0.19764087349235493,0.07366158109733505,0.6343051745515632,3.121500891794482
0.8389626188125434,0.24580231116269902,0.0678292588167469,0.9810079430824843,-1.0,0.3632341407084868,2.8459576367028525
-0.16206799731075738,1.0,-0.2477059537234626,1.0,0.046984095719817376,0.6480833942486304,0.4580926908548246
-0.6683325551515995,-0.5556778003281055,0.09743399909336907,0.3377928685565783,1.0,0.6335320504446845,1.9179096645340108
-1.0,0.17936706504610989,0.1949398767870345,0.18488332804283053,-0.1432216802158559,-0.3601994859195262,0.7547850522393151
-0.984841551699909,0.21701051634178725,0.47004002701890135,1.0,-0.9428042775791763,-0.055769768256079155,-1.5580363357549591
-1.0,-0.07912006829391183,-0.16140522288444517,0.3810603523435015,0.5851234823382019,0.3470167094129613,1.8160249568486415
-1.0,0.09659083527005974,0.4723986057342242,-0.28986193911174074,0.5176204736924365,1.0,2.2137804173520266
0.3611286185464118,-0.9063827688923045,1.0,0.34565560800042017,0.17661002160825645,-0.39215837302697676,1.4284459859670366
-0.7210308718115452,-1.0,-1.0,-0.4282076348286451,1.0,-0.7677254009683028,0.07327957128748586
0.4210084269555141,1.0,1.0,0.7529094165807373,1.0,0.00974763915470278,-4.771980738243039
0.9275513368529242,0.4471035316396841,0.15955791467900338,0.6174332678453299,0.9674141134458378,-0.38295380920057875,-1.828320073213252
0.481704023742335,1.0,0.9233281289350911,0.8729064817278885,0.08858961930711806,0.3748723082183756,-4.853953822951291
-0.35186646898777335,0.23538373032610105,-0.11504800218757583,-0.9544418676182342,-0.43745482542998454,1.0,3.671520545135838
0.8676976024860046,0.04086300376294011,1.0,1.0,1.0,0.4071104077995015,-5.248181086918092
-1.0,-1.0,-0.0683433411013572,-0.8574202328513241,0.7444851086958808,1.0,0.6090777006905783
0.07175953028401305,0.5562497827386312,0.4863718219713584,0.09881100440388679,0.1655599164861311,-0.9593540697685512,1.416799508728113
0.5344144393677717,0.612512056920187,-0.07211588991749618,-1.0,0.49050946318282573,-0.8660990780939433,0.5256882341305075
0.7606784098162218,-0.36731343329030475,1.0,0.6038785301364475,0.21161673145518467,-1.0,0.7964817436499851
1.0,1.0,0.38235962684728325,-0.162273471433663,1.0,1.0,1.4894258589992142
1.0,0.9786935539838157,0.74382441270303,0.8514335625740945,-0.9077138656551794,0.2737662697733252,3.255053502637743
-0.7831539887436053,-1.0,0.10996175522461948,-0.5536175197814307,-1.0,-1.0,3.76713188875938
1.0,1.0,0.6580195508167894,0.807840123214141,0.4361638779014363,0.0174064609782536,-3.384216985722493
0.48455598830728697,1.0,1.0,1.0,1.0,0.9880809759560623,-7.355244560298133
0.5414349290814549,1.0,-0.17426924899749488,1.0,0.3450880753095727,-0.29166821368607243,0.07599607356132027
-0.1313213825645665,-0.7763987841242039,0.21769906015478702,-1.0,-1.0,0.18213419752737925,3.232936943540194
0.09346132567927179,0.31401651875848846,0.2788975082350811,0.31955132899892047,1.0,-0.1853127467597322,-0.06497682985785902
-1.0,0.23744493322775856,-1.0,-1.0,-1.0,-1.0,0.12839220560557008
0.9578372356341353,0.6139372824049236,-0.022445744157402192,-0.015672555063378807,-1.0,-0.6733398985638979,4.37050900823762
0.8709213495138537,-0.4312845740583018,0.55779585096316,0.036814388995316416,0.3544496430008517,0.34261356422061273,-1.6065488023473662
1.0,1.0,0.5637347980093756,0.5189759986733902,1.0,-0.7021335541643734,-2.4851373242519093
0.438634507388402,0.05389118897355527,-1.0,-1.0,0.12131419595181026,-1.0,0.8238433175308065
0.6486991050840354,0.33564192167347207,1.0,-0.4894472790082082,-0.26050512197938025,-0.47386127549090684,0.37151154748988025
0.7871577323001557,1.0,0.9067066214323329,0.3095092892894499,-0.07987028243086103,-0.15497633112701814,-2.5665531009501588
1.0,0.2541166144437308,1.0,0.7170554290074979,-0.2787798834706697,-0.5548123290573334,2.71092583727268
-1.0,-0.5303545601640596,0.2588118015793549,0.009793470840160419,0.9101689216765876,-0.165957453640797,3.4533781731430584
-0.7205181505654323,0.6297555349379188,-0.7528852507196083,1.0,-0.09713738374770486,-1.0,3.84425024202503
0.30882559856522307,-0.5272277575260949,-0.8354498974112966,0.6034451192398234,0.3232348720982017,1.0,4.403143816134864
-0.08706222357885107,-0.28668009515519,-0.9369589337182893,1.0,1.0,0.8899002702875984,5.30322762030519
-1.0,-0.06145389810380264,-0.45321225300375145,-0.9273805404627019,-0.4068155680536628,-1.0,1.5562921386701551
0.18818913666881126,-0.475250845525023,0.3852350749720941,-0.5692225422338368,-1.0,-0.4591391390544459,3.313857343775549
-0.592770403119421,-0.4585517035083612,-0.1757298201054217,-0.9305707968799266,1.0,0.2670062613769266,3.1524711837250847
-0.9318594205985449,-0.03978668147876685,-0.4510745449466289,-0.3316113642466758,0.9711248153959731,-0.8127543315587783,3.729827961686626
0.44337628122956324,-0.648785821913789,-0.4561274067923778,-0.3480433163720519,0.4696557801810011,0.039631221017392304,-0.6079899607555199
-0.7490773104607177,-0.14571438150052538,1.0,1.0,-0.7030733289539921,-0.26887434580024305,-2.359546138515662
-0.6265854071226314,-0.6065777975071956,0.6159684721778497,-0.21566391242017513,-0.15796624476789778,-0.9957184625304942,3.73975505512005
1.0,-1.0,0.13769162936599721,1.0,0.14947883807832885,0.8314864476331219,3.7659408294099714
-0.6242414113787801,-0.13377547572532794,-0.4211378382674882,-0.014996399282558942,0.3641420833760891,0.09290531807679459,-0.026016448525822966
-0.13064195971505854,-0.7021418603924566,-0.9141144462835802,0.017398378945030688,0.4355077989524405,1.0,5.409148246875505
0.5307894735732079,-0.1124848429699293,1.0,0.03912307957016181,-0.2162100754192966,-1.0,3.6736310248383117
0.9875064341626933,0.1263599817712575,0.307857704365872,0.24159126981969992,-0.4770398888109838,0.3341379411634031,0.4882580682540797
1.0,1.0,0.10853759294660958,1.0,0.7594904227857392,-0.22842278935844085,-2.0925365308046744
0.04066001201562053,-1.0,-1.0,0.10280805186916364,-0.6199918577002371,0.7502016157911606,0.5809957823131486
0.08427791765871848,-1.0,0.9533660901382073,0.30589676272003946,1.0,1.0,1.2801862318606143
0.30580935288010425,-0.3476881462311195,0.9203249237010104,0.782816394465726,-0.07296144662750748,0.66538004931785,-1.382563955419514
0.7761567597843952,0.2685326687157348,0.05689250690972214,1.0,0.747294209741326,0.22650020238655744,-1.1453200752785992
0.3980217970972296,-0.2404273394571914,0.8835894075707027,0.6033539194759672,0.4417428438227169,0.4454404054934886,-1.6015891483592914
-0.7376143170727394,-0.06963558651572388,-0.7498808852479188,-0.4245138351167901,-0.35045975248403616,0.8687104787479654,1.8197679340029531
-0.8092888504456173,0.8222842127815321,-0.4771056401717052,0.08389238281421853,0.8707271669682266,-1.0,5.176250880346225
-1.0,-0.7806599977961117,-0.5059758799927296,-1.0,0.573295675541015,0.027397895350047746,-0.5417231266588154
-0.3817537314553954,1.0,0.54512555907938,0.8640504509414315,0.4506919825669222,0.3066648650959436,-2.4280286134143965
0.12006941644075969,1.0,0.6096057891261083,1.0,0.21235070282891833,1.0,-1.9646807071534018
-0.4614608337811373,0.26119354330446176,0.8606424653483098,-0.27832051165018856,0.685939536040416,-0.49204629815398243,0.6245916931718001
-1.0,0.3559478782836756,0.5946216415624579,-0.055163303003648856,0.20405848429544887,-0.960583102691722,2.9373686166573414
0.3827984885518707,-0.7453863393421843,-1.0,0.6908206400819522,0.3751362356729313,0.684309885456662,0.8822949591780855
-0.018784279813734317,-0.23738308577042,-1.0,-1.0,0.8533735309340638,0.6748528313552007,1.5082117806037132
-0.25960341993056524,0.19677328083814524,1.0,0.6480584126878823,-1.0,-1.0,-0.4716568930133117
-1.0,0.11084410463047334,-1.0,-0.2339040611471811,0.08552604250304219,0.9538493763570551,6.683806184307859
0.23026673977224205,0.5729444995956824,0.872448531538587,-0.22491919026253993,0.9349258902666235,0.5539687341542585,0.1471432570851563
-1.0,-1.0,-0.07467686695111862,-0.9186541949025209,0.9071319011114398,0.4752808694337093,0.17499388459744036
0.5980028348371342,0.7495120187081722,-0.578325090934734,0.21083788033709416,-0.1753236300611608,1.0,4.6522151020700475
-0.2978016471413773,0.5270757635894359,0.007169424967965743,0.7609124623753294,1.0,-0.3796441928538198,2.1699177007826282
0.28918002129312403,0.17752229395537994,-0.12742738232122686,-1.0,-0.24473325568782056,-0.0072562711573092575,0.2277182544064098
0.928247984986204,1.0,0.8644639131910086,1.0,-0.13490526043133666,-1.0,3.966524249904017
0.15709537974248888,-0.5106806305371541,1.0,0.42144098143122133,-0.37497503921026853,-0.6837550496003029,1.5429356645945964
1.0,1.0,1.0,0.4414806996135938,-0.3688967691991252,-0.38832015273036147,-0.4045561388649086
-0.1574042636343972,-1.0,0.08334681573910047,0.45125323973979903,-0.6684099278966177,0.5412043586694589,1.0460678817199418
0.8935613956036091,0.5304742774546404,1.0,0.09041209484380097,-1.0,-0.3106059683241891,4.078497703089917
0.687015383727117,-0.9196897503332135,-0.8659639572140091,-0.645075164047298,-0.2031951346248329,0.1485762531015295,-0.4646043876881012
-0.3545630578329124,-0.5201304797109156,0.6793443324668401,-0.136693817281912,0.07495807515192404,-0.02206469772913794,-0.5517303112281191
1.0,0.6759537805027476,0.33203271202189377,1.0,0.7391367790020431,0.9693971918535198,-0.5549320843699974
-0.5364076084303324,-0.2371760274219179,-0.40229436767240845,-0.1089902819818378,0.9880363131068287,0.3316787488124795,0.9575405870196967
-0.7926381440579848,-0.9850826931974379,-0.5826760168615335,-1.0,-0.9304824375861485,0.047861820177943076,0.11721920791130287
-0.027145123898183465,-1.0,0.06753161972811517,-0.9207889420184258,-1.0,0.23808692767084894,4.053131972888039
0.9195418381685567,-0.4258384863083059,-0.016930946124781854,-0.14350539856348976,1.0,0.3377333504506084,-4.0071740418031006
0.49185938448397426,-0.2448727302508377,0.3296978248004193,-0.6083418788161288,0.9421900084424233,1.0,0.7781635864342884
0.581497999529345,1.0,1.0,1.0,0.7525183077960971,0.40077573172852593,-8.173140655366359
0.6136609536644754,-0.4861995635679088,-0.35945152739014985,-0.07314653514238462,0.9041936584871657,1.0,1.414019519373572
-0.37933456129759685,-0.6647447998073608,-0.28770848931457577,1.0,0.5730185134218195,0.8724538914393394,2.7386533659199777
0.4397867185916504,-0.8550482295801894,-0.4905264658007247,0.3684676250013448,-0.6257526112183734,-1.0,3.084291621372707
-0.03329139963044689,0.2240045008897143,0.36812026744003307,1.0,0.3194554351867571,-0.6392824498479024,2.1924359991361833
-0.669614568180154,-0.5390884950391135,-0.9915396865709771,-0.3004660392655394,-0.6514928301668604,-0.6419554396411388,-0.7270605560841856
-0.8906847593887154,0.4438448103961506,0.45199240677183916,0.2959280131726477,0.6291551356933984,-0.09812003648229617,1.8709361753859715
0.07637484790284194,-0.06980332763677588,-0.1326026020967194,-1.0,0.6145605112347893,-0.643380250236415,0.7082515106471803
1.0,0.6609240660090372,-0.9031546306220164,-0.646677727582401,-1.0,0.7815670238857287,8.947368846984569
-0.388717481311563,-0.8560761736406677,-0.43237755133676,0.6815555814772819,-0.3013818093859114,1.0,3.21422980331178
-1.0,-1.0,-0.6933094197139389,-1.0,-0.6428867211687651,-0.4720007495530689,-1.640158147479264
0.6309982816425191,-0.2896464857968512,1.0,0.10234117632679585,1.0,0.06969330742876934,-2.7851809439169513
0.5987546160592885,1.0,-0.20898920131774934,0.10668152943571552,1.0,-0.2145688324475169,0.2644519744571405
-1.0,-0.9626189319015375,0.7006002436061557,0.0011071211769986267,0.012959049220689689,-0.8880448760466157,5.956858382144496
0.4789086132637548,-0.3766222826138644,-1.0,-0.20865771926216523,-1.0,-0.29969192539880507,1.3041686298683413
0.07057696402130684,-0.006465895994041071,0.10009669721868764,-0.253802769105016,-1.0,-0.7782779698975344,0.5111731693189214
-0.5845134415357918,-1.0,-1.0,-0.433382774066567,-0.1493508126305989,0.0043034977324998835,-3.7163752167443382
0.040359770768035874,-0.7965880282635854,0.44061648742428244,-0.24061696750146894,-0.14670083453291347,0.5977257091944922,-0.18057815606131397
1.0,0.17097557771378297,1.0,1.0,1.0,0.5444027964948372,-7.090562435677963
-0.6732443646299084,0.4016269045695961,-0.7134257592277535,0.8856312816227543,0.21583621822918153,-0.3299195731268041,0.12277366494240546
-1.0,-1.0,-1.0,-0.3930991398621651,-0.5957811146326322,-1.0,2.0910371979795555
-1.0,-0.812722622632315,-0.6472436380480696,-1.0,1.0,-0.04759991442639855,-0.5212070786085898
1.0,0.4434185470640053,1.0,-0.09917447520027067,1.0,1.0,-4.694663156189745
-0.3196040975479605,-1.0,-1.0,0.5540591041425886,0.41344867883964886,1.0,4.68923136667393
-0.5118816546137792,-0.6759016354100453,-1.0,0.6556186210624564,0.6524394262848405,0.6471659961288532,1.3993169866553603
0.8150076133652129,0.2296721017258917,0.9428963846407327,0.5828989610180891,-1.0,-1.0,6.090726888939963
1.0,0.2672657207359095,0.7873037314980693,0.22641068534163278,-0.8411016593734328,-0.823529596147113,7.078537253450884
-0.8484805643413798,-0.032689356785144286,-1.0,-1.0,0.15717940985851842,1.0,5.4314049204964405
-1.0,-1.0,-1.0,-0.6613250645862494,0.6878275462739145,1.0,0.12273348656743044
-0.4433734262970652,1.0,1.0,-0.4562546838496757,-0.8246160259317897,-0.24921431269863692,-3.38906275895894
0.23922256098295924,0.3320869917962088,1.0,1.0,0.8913218536175153,-0.09339639350933682,-2.156996910224253
-0.4075431351164944,-1.0,-1.0,-0.3087037390524393,-0.1266358164182088,1.0,2.701921006711865
1.0,1.0,-1.0,-0.16018391460063974,0.735821116396316,-0.4143943977566856,-0.565332720786037
0.7689103609477708,0.857090515244783,0.12795850547122128,-0.23706653802440386,1.0,1.0,3.645129893167713
-0.0422105055841408,-0.7999219686834511,-0.007063878566375081,-0.2926498066037227,-0.3382144969541978,0.35905687585269264,0.2759952286696118
-0.045365241316714044,-1.0,-0.17426113798922582,-1.0,0.35940596148432813,1.0,-0.8344065780393594
1.0,0.5488811770365754,1.0,0.6836287584021044,-0.5842711859132051,-1.0,4.951318057117005
1.0,0.586448650572768,1.0,0.27967532687252405,-0.8861553849162227,-0.7523712726987846,5.025142071697723
0.10757755129408975,0.42022258299124005,0.621334977919985,0.1148723855340385,-0.6445848382326899,-0.7953354429328204,0.6941886399185685
0.10207645151621292,1.0,1.0,0.10470500855717235,-0.7774989279602009,0.2556993153288094,-2.994715649393096
1.0,1.0,0.2170106205329797,1.0,1.0,1.0,-1.2513266578103641
-0.646853118716547,0.17257750855991255,0.7605753964925724,0.3646365038520345,-0.4026189228274806,0.5614088172046627,-2.5166421530839194
-0.11685227111239183,1.0,0.710885254260576,-0.4168092018470528,1.0,1.0,2.055008825918173
0.5298986034634099,0.5316760895961129,0.8475191203140018,0.26571551651337455,0.28728644389316593,1.0,-0.008854653980705951
1.0,0.004576827673603345,0.9061162434124543,0.5018753996110223,-0.38669631254470194,0.1991729608900178,1.1093094361516573
-0.3677411009397573,0.014570613284344502,-0.7009084051151806,-0.2940781540067581,-0.259331631410058,0.3970217548227717,1.5203945426448706
-0.5019835445921104,-0.9452777786973122,-1.0,-1.0,0.6447833523154042,0.09578784751474578,-5.032779926519613
0.7812631055540074,0.5193510153413134,0.08372094335699462,-0.4328622200581325,1.0,0.6328408777146789,-0.2660122220552078
0.8272910411569676,-1.0,-0.7165208160824226,-1.0,-0.1431664716778701,0.4677061611367008,0.3622038828110856
1.0,1.0,0.13063465673935815,1.0,0.0701575217688784,0.5791580409139117,0.11229599213119323
0.574333918912936,0.26363157890747324,0.13606249148788652,1.0,-0.03639647959442971,-0.2598119287054517,0.19885023494390064
1.0,1.0,1.0,0.10680762523162168,-1.0,-0.8154695061601278,3.175710342536951
0.025967141677959604,-1.0,-0.8188473589235784,0.8634216990984267,-0.09431792745636175,0.24917754550745835,-2.0992184335100177
-0.15064006614782266,-1.0,-0.7086302975507481,-1.0,-1.0,-0.01870302811752711,2.5526577688470304
-0.24324623998325823,0.0664405358208971,-0.8177742045012528,0.44911018112036305,-1.0,-1.0,0.647324954679524
1.0,0.7474098986236932,1.0,1.0,-1.0,-0.1975509489490307,6.219655403340345
-1.0,0.4563282947349191,0.684799910336539,-1.0,-0.0012764820773955021,-1.0,0.7125893239012504
-0.4867311548566102,-0.2273787642648708,-0.6068536667798321,-0.6672564877288286,0.2752584325035594,-0.0782221682745417,-0.39260967843844424
-0.14319599750572964,-0.22161414880735086,-0.24554091829797953,-0.919514068587223,-1.0,-0.1484498859900003,1.7786595372966039
-0.6224711457979614,-0.9100608066088178,-0.40201530234603555,1.0,-0.12266015019506758,0.21316840594352338,-0.7885994836220416
0.016113712156700877,-0.6539522090549156,-0.6048846363930748,-0.5873604093868157,-0.6860418808377666,-0.6381509181679765,0.9554753896847914
0.24707507385791083,0.5417288155362663,1.0,0.2618274468841777,1.0,0.22937303818532379,-1.478913496565193
-0.5951369385544734,-1.0,-0.5872890371531644,-0.009854212619644587,-1.0,-0.6524849787146838,-1.5934441396205854
-0.7926909582327751,-0.07944732527451054,-0.27715790822584074,-1.0,-0.33034721480856866,1.0,1.9128269566798477
0.09200513079486561,-1.0,1.0,-0.7413440814131604,0.6973017205104831,1.0,-3.302839780819786
1.0,0.38039422026825104,-1.0,1.0,-1.0,-1.0,6.936395569688706
-0.5383671220226962,-1.0,-1.0,-0.5874723962361186,0.7336909545208437,0.8958031295797381,-0.11424308418480128
0.17618804274188674,0.22615948094097782,1.0,-1.0,0.10028946196729216,-0.09243639451107771,-1.1216468284896424
0.6404706341048285,-0.7746983022298292,1.0,0.15885538762593332,0.5190485290153579,1.0,-3.9733223909868256
-1.0,-0.5087936677762801,0.3833761060152167,0.3945991638945061,0.10495055214207127,0.6514428177993771,-0.6436945976826167
1.0,0.48644897462184455,1.0,1.0,-0.840403201453551,-1.0,7.359166350114452
0.24839568067382112,1.0,0.5065213133212494,0.4391981484751678,-0.08568041544565763,-1.0,3.455642947505019
-0.833855934018988,-1.0,-1.0,-1.0,-1.0,-0.6356349250041434,1.8326839206559522
0.2352949773046954,1.0,0.483662334753202,0.3179240768710826,-1.0,-0.9529538500320827,1.2633021123270316
-1.0,-1.0,-0.868223705170518,-0.030223583166316015,1.0,-0.33365276869766686,-0.7094077052606311
-1.0,-0.8285339096828421,0.9677857144321674,0.8020112874896289,-1.0,-0.8880237251307521,-1.8051876712923476
-0.4037960748316687,-0.22022822361865985,-1.0,-0.6822475146196256,-0.208755204294796,-1.0,4.324191654407353
0.8410681680922356,-0.1768864851583417,-0.9958931792781993,0.2779999710420856,0.9632185981014176,-0.335294819438656,-3.4149514409244808
-1.0,-0.08095588876769466,-0.4786439574279584,-0.310101073258794,-0.3454218180754862,-0.9781977914706252,3.1143281074075957
-0.3083672996131176,-1.0,-0.07247056536864988,-0.48224301800435937,-0.9392214131785162,-0.9183378060479575,4.475264688351567
1.0,0.06603118328400792,1.0,0.09223606035358856,0.010174388172144222,1.0,-3.044001706302825
0.9749933442743632,-0.36829402377768033,0.550222777619341,0.3612489252262536,0.07857731600023837,-1.0,6.065051342563155
-0.5879268733222316,-0.4000776099767522,0.09853092088424914,0.361436699271259,0.940084283486426,0.5031594219146769,1.7277059885557309
-0.8714038713348029,0.38053988606047834,0.18847051428460448,0.31628654503690246,-1.0,-0.5252366407264942,-2.4006729210834994
-0.35737859823960894,-1.0,-1.0,-1.0,1.0,0.5692263094470913,-4.586597966972205
-0.13602749058464458,1.0,1.0,1.0,-0.012910884628836938,1.0,-6.816934838247519
0.07158831465454141,0.055289924599909036,0.12484550220207385,-1.0,-0.09646923086754944,0.6196180983681785,0.5698664584773989
-0.4050180811706229,-1.0,0.7708118036609182,-0.19073731755434578,-1.0,-1.0,4.703936540592445
-0.7188153267022197,-1.0,-0.378256216949464,0.6105102050879316,-0.7601653179508394,0.8114724531029494,0.2738174588583091
1.0,1.0,0.8007881152504446,1.0,-1.0,-1.0,10.430097470209745
-0.2683706817001099,1.0,0.4832151664622995,0.9649548502013131,-0.2884667897297836,-0.5257327702189175,-0.07866013110739994
0.19691563171259874,0.8247495070014141,0.030432053179976812,-0.8235729922236473,-0.45029007995852455,-1.0,1.4019393614880744
-0.3520747796875138,-1.0,-0.4690857830026063,-0.4698811088095687,-0.9746432370907904,-0.016593922970088548,-0.639065696892849
0.3035599056263141,0.41850755038915866,1.0,0.8898223608782332,-1.0,0.027282098671707278,-0.5114533861814441
1.0,-0.6979436819421734,0.07303196466373774,-0.3860091891396066,1.0,-0.1284523454973452,-2.4822378236274565
0.22179289043827888,-0.13578398846546919,1.0,1.0,-0.23240234593708708,-0.011564896124997559,-1.2218345469132974
-0.8246819476419771,-0.06915654619024991,-1.0,-1.0,0.09469426392973568,-0.49300458416481824,-0.11137045244851262
0.07657355353712514,1.0,0.6275320949610802,1.0,-1.0,-1.0,4.640538066785861
-1.0,-0.7580130547202124,-0.6531618980011047,-1.0,-0.7234197775347306,-1.0,3.3798492966645957
-0.822281190936853,-0.9010557489760015,-0.08934907056457778,-0.6615896991160269,1.0,0.18006146001825396,1.4788744307129076
1.0,1.0,1.0,1.0,0.330344518903973,-1.0,-0.7366299117201685
-0.3495337401621732,-0.2720854562338674,-1.0,-1.0,0.4844878388316406,1.0,5.533983424670314
-1.0,0.5528580165942071,-0.6472456740207719,-0.5101617211044158,-1.0,-1.0,-2.2455084587738865
-0.43076939491451355,-1.0,-0.5952362146129156,-0.7354657259745973,1.0,-0.13213799425547412,-0.4754492562592422
1.0,0.7262996985774286,0.3261735762485274,1.0,-0.43553763613896657,1.0,4.22204487601206
1.0,0.5747633377038605,0.0003037848730867987,1.0,-1.0,-0.14823208145887157,2.990336862583181
0.34510266843154946,0.29874459909644024,0.17269883729788005,0.6571680486026881,0.5517565558732855,-0.22329349822847477,1.2066041728288373
-0.4991952368263355,-1.0,0.003364492091195173,-1.0,0.9520546128952252,1.0,1.063875516823581
1.0,-0.5782826077790979,1.0,1.0,0.3102624223561043,-0.731116711856155,0.0018406155777795918
-0.08067336772376074,0.2624739501739445,0.3300927932854718,-0.8050320973593137,-0.3478612575594877,-1.0,1.8095288220351584
1.0,1.0,-0.5446165077217007,0.4572288394137629,-0.9240166838786465,1.0,9.66593972704165
0.5556465855124636,-0.8105025736292857,-0.2987540234547455,0.7984100762644644,-0.5161605613423799,-0.1481289645984436,1.0910949055715653
-0.1662260449529882,-1.0,-1.0,-0.7777865711370289,0.07516493496563414,0.7484761527802037,-1.0148860710156153
-0.07171203644061133,-0.2263385173710324,0.5869307889118831,0.17988622689152023,1.0,0.43275893073308325,-0.30006420010264595
-0.020583097889397384,0.0037832575199209517,-0.5192343138537339,-1.0,-0.22296670903832264,-1.0,2.241731273286733
0.3916784240278589,-0.5270952191313973,0.22776876967176718,0.042493201219689414,0.04833738273073229,-1.0,3.627392469256465
-0.895908028248213,-0.13605515322638329,0.06871983333431608,-0.10212104003633637,-0.17426448359381902,0.05307605519932013,-0.9367305691834678
0.22854561064167422,-1.0,0.2467496306653214,0.9042081402498181,1.0,-0.4321152405451183,-0.8475506678295958
1.0,0.2740685623024072,0.7192097815629168,0.8458394804358438,-0.29150278268492624,1.0,1.591355251355063
1.0,1.0,1.0,1.0,1.0,1.0,-9.671488531509336
-0.3386417941428735,0.21476311123572206,1.0,-0.626822752759185,-1.0,-1.0,-3.0717898083203
0.08699409400878422,1.0,-0.9124744379296225,-0.3222703298546843,0.40758962418091493,0.3564684049569231,4.367784404718715
1.0,0.09218614119490942,0.4701840846564418,1.0,-1.0,-1.0,9.085663841786063
0.948344574689163,1.0,0.9090920657005291,0.021925726143399604,0.8288152695854496,-1.0,-2.4886664061635986
1.0,-0.66953769371768,1.0,0.050026390747136995,-1.0,-0.0820933777029923,7.9605952308347225
0.6617279752381675,-0.11898916798153192,1.0,-0.17579510748090743,0.6360278192160409,0.09008248281000475,-1.3140355876743233
0.23566740637517863,0.6638914239780769,-0.504371586776047,-0.7328946085901149,0.5390307851427363,1.0,5.917040642003993
0.7987273170448979,0.04819908227396352,0.616496131413858,0.49344586008627744,0.6762491094892422,0.9076653342341265,-0.9819527642828297
-0.7658438329323247,-1.0,-0.6383855415399438,0.19554091453795097,0.2722968065194836,0.663288940490582,-0.5186594096892514
0.7769650555600087,0.2891329668018261,0.2928761432107933,0.04859538122423687,-0.24614404034321002,-1.0,4.841464226318901
-1.0,-0.2146631197898603,-1.0,-1.0,-1.0,-1.0,2.3925868872333176
1.0,-0.0352924948864457,0.013074800736699865,1.0,0.21704721374222946,1.0,1.3607053452024864
1.0,-0.426626139963851,0.5292338757740709,0.9251972145657672,1.0,-0.46158498370474865,-2.6377551442841067
0.5260761425391745,0.06550835721136378,0.12446480386889103,1.0,1.0,1.0,3.63681457828303
-1.0,-0.7354514135686829,-1.0,-1.0,0.31283017942573155,0.14379769154422767,-4.774208252723749
0.7797840671687527,0.6138886898205391,1.0,1.0,-1.0,-1.0,7.629923190617338
1.0,1.0,-0.9648283576955059,-0.03133957853714808,-0.707279716081646,-0.1721088761755989,4.769418173050643
-1.0,-1.0,-0.9972676238591467,-0.9332259785407768,-0.9377256619476255,-1.0,4.563141286916029
0.23352612371171388,1.0,0.9436680414899681,0.7644900875396015,-0.18905925281725489,0.7626784688757068,-3.815341526577677
0.16883150683797132,0.3360655136041647,1.0,0.3460936292146761,-0.2391395080090688,-0.6433319297819599,1.1966553674448461
0.26859833023681734,-0.23144401799066028,-0.22702219807251,0.5211237007841605,0.3660428432342305,0.14269527109523347,-0.38689189139869595
-0.7958592640149161,1.0,-0.58597454956525,-0.5973266975121896,0.20975267200680348,0.6113941086400714,4.503041776595569
0.2446204040587489,0.07411457647293518,-0.8527484521939479,-1.0,-1.0,0.5882600692945481,3.452648951114887
-0.13073105328063117,-1.0,0.04590748373468562,-0.24442707943109576,-0.6071943760416791,-0.6032992010042684,2.7004421145983475
0.7749017183333247,0.9898904218213073,-0.9471802181282396,0.9809509301910446,-0.49103578932865477,-1.0,8.403200095971469
-0.3470723360706023,-1.0,-0.22958241652063882,-0.8647480566305068,0.6351622056511369,1.0,0.15107071712217096
0.24114300742816397,0.3125848859062268,0.4637702146921716,0.7463320854962114,-1.0,-0.6246460556064499,2.009340075742591
-0.2295352935376107,-0.22067640640460062,-1.0,0.2587851000132203,1.0,-1.0,1.2168321738664498
-0.22716338205718098,0.8948494271419425,-1.0,-0.3044578028163655,1.0,1.0,13.732731360094087
-0.15081166819716268,0.6472608871346821,-0.8136020048192012,-0.06468237893475204,0.20318783741206062,-0.456053073477219,-0.1433168818388686
0.07596990896181033,-0.11500848758727883,-0.3223871318368567,-1.0,0.13344308938301075,-0.33064818614870717,-0.2928774177180819
0.47409363666592375,-1.0,-0.013643058785279383,-0.3512595834308907,-0.6655857911472451,-1.0,5.642331211433109
-0.25482692768807913,0.5966841159295468,0.3258968942522281,0.45838038506229173,-0.38077686682491435,-0.7723823879691591,2.5754636239369693
0.5539594269121775,1.0,-0.012133233003814636,1.0,0.5379272752720019,-1.0,2.3971532565107023
1.0,1.0,0.9389395774936726,0.36475554784369335,0.5966817460693865,0.17429381028564322,-4.198885911027212
1.0,0.8271657743585659,1.0,1.0,0.008855173596908184,-0.23888891596371764,-1.7205491213503712
-0.27206213222123155,-1.0,-0.5055920128469337,-0.4576876223830033,0.09326773095208596,0.019770673529540095,-1.5609064469352607
-0.4771437741382425,-0.28376537441761274,-0.7150788845637235,-1.0,-1.0,-1.0,2.2304323005745856
0.18364570703587355,-0.6074345798606013,1.0,0.27039812935729807,-0.7010895508149089,-0.31812885922179834,0.914828568635663
0.44557421379261675,-0.1379246428966105,-0.3858165622185785,-1.0,0.14103759649658396,-0.9993939892696115,3.1225846219478632
1.0,0.3952608171101993,-0.11651878816188982,-0.0179087331472515,-0.2584627158522761,-1.0,4.452147103719796
0.4186798713675458,-1.0,-1.0,0.3632712331713635,-0.6119801730634089,-0.6292469787875228,-0.9856357856541316
-0.09857575116636817,-0.6196764635759155,0.6779310189608896,0.8835431725284901,-1.0,-0.8845126282058802,2.3610283254354854
1.0,-0.2984906222876134,-0.4221058191782275,0.7328853858131075,1.0,0.04169589830057763,-2.5803310423893553
-0.5064685897685207,0.285788948020947,0.5671480822667694,-0.5254217212945451,0.2094111311857383,-1.0,2.4772053065306103
0.25003212809887493,-0.5423990056116758,-0.05393941409360248,-0.019954956767247456,-0.698726588513085,-0.18738953622674026,0.9832436231163064
-1.0,-1.0,-1.0,-1.0,0.28779425959984584,-0.7014175105031957,-2.387309153709176
-0.3874526088295269,0.8885787240975287,1.0,0.2673690312845416,0.3387091899066081,-1.0,0.36532173701260434
0.6342926699308415,0.6707585472342679,0.45977676300894155,1.0,1.0,-0.5090945004993847,-1.8452718564380501
0.45756078460103533,0.7458497818362821,0.11675605138776723,-1.0,1.0,0.2292893417978108,1.8538200356658043
-0.10992790379135231,-0.45201924458333687,-1.0,-0.321116109277676,-1.0,-0.8816200877302698,0.8411741424608099
-0.8879990209283759,0.08993145703455752,0.3683529198894664,-1.0,-0.14346161255908224,0.349736322455927,-0.946451380454688
-1.0,-1.0,-0.3136696312461922,-1.0,-1.0,-0.18248374976075943,2.1850719251499484
-0.07769528567056977,0.1546447096589627,-0.9572899146393576,-0.3450669696938895,-0.7242808793063344,0.5711237928842978,2.1630839224520515
-1.0,-1.0,-1.0,-0.08312131927995137,0.5290676065651012,-0.6518615337715488,-0.26224902338889144
0.7864944360675649,1.0,0.46791925637132137,-1.0,-0.49594825159765943,0.2764933836979473,2.4504666548195555
0.4910197394821896,-0.9911678531863706,-0.1510177664914154,-0.630636406129087,-0.3893123957540733,0.9748869631494572,2.8883186387603534
0.012038068505749289,1.0,0.691417013682005,1.0,0.6410497686754978,0.7988047843587092,-2.7376775954756845
-1.0,-0.5232808780246958,-0.9004551755451693,-1.0,-0.2829030027661512,0.1600209032141704,-2.808669800129766
0.3084171242871764,-0.48266604003631547,0.8677747960378231,0.46074547129723026,0.5892917479377231,-0.12681630495569762,-0.6118089791395771
-0.6758126774808864,0.8039131314698784,-0.6762779036841713,-0.5045582147418513,-0.13622602743637235,-1.0,2.641574204044315
0.2070863976699852,-0.4939284751060269,1.0,-0.5178914805523513,-0.2452153269020123,0.20088771988295984,-0.7518832296238341
0.9772842867640555,0.3147309246264036,0.04937705066376091,1.0,0.5306915378996165,-0.06487721591663487,-1.2187573415392419
0.8514422621730282,1.0,-0.5985577325370259,0.11168316161062775,0.39914984039356716,-1.0,1.6181147637392952
-0.9050932758658536,-0.45965492365939997,-1.0,-1.0,-0.34307329697506933,-0.3848765627710232,-1.249461592258928
0.7171404155816162,0.321917057401402,1.0,1.0,0.218535457939536,1.0,-5.124381417633754
-0.4947482846671898,-0.6982365664168922,-0.059305199879357895,0.6948622382945981,0.8398523798850777,0.7597232715088407,1.9723595286715137
-1.0,-0.554006438028859,-0.8156693634368684,-1.0,0.5076177291159165,-0.5832644239101183,1.1121123678225726
0.46403475492377766,-0.1429099480901342,-1.0,-0.609842817025444,1.0,-0.21311788362573697,-2.953155020528309
-0.42979786994632074,0.8237778734955646,0.8763414663910822,0.7708031619883038,0.7176646949974468,0.08520252215112764,-1.696566971131558
-0.39026698809847216,-1.0,-0.06151715028426946,-0.854844305896725,1.0,-0.9038360837480581,6.791709180630347
-0.17378875587945852,-0.5612272334945992,-1.0,-1.0,-0.1948669503099174,-1.0,2.9945198246932394
0.3796870864316755,0.4041663978366554,0.7890284384998144,1.0,0.2060499446567131,0.35252231019847585,-1.7998575234826566
-0.6387617099248823,0.68218179834572,0.9123870266550416,0.2178852516379035,-0.6254393790378407,-0.7330377344422907,0.18184001864061994
0.2679052851843053,0.7711935108759673,-0.7560263815914726,-0.1482266322905979,0.864597938702008,0.43424730286012353,2.777240880278808
-0.3675683957923423,0.1600917204530531,0.47044357619069277,-1.0,-0.22482908863715134,-1.0,1.6452231152932275
-0.6133421803060193,-0.485660073013087,0.4035611320761838,-1.0,-1.0,-0.26448373016447846,1.7783191738031938
1.0,-0.9242739832000104,-0.2289439926109449,0.2071606019007397,0.7203770193872415,0.5305730287670916,-3.315875338232702
1.0,1.0,1.0,0.06678834368882236,-1.0,-0.683087772591559,2.602158644832774
1.0,0.5040636977071047,0.39420758957769686,1.0,1.0,-0.9084327029951276,-0.938441287493582
0.6173737732181156,0.15038194322066145,0.1275923878282912,-0.6414786192852009,-1.0,-1.0,5.6066048986211365
1.0,1.0,-0.46229704911308706,-0.03225890817059052,0.36028604406371273,0.3793347504901712,0.4511740651798226
-0.07512394779676701,0.303541882808993,0.9365334427747687,0.5405091458627626,-1.0,-0.0500224196660497,-1.2556973112354513
-0.9644350857464979,-1.0,-1.0,-0.6129655435222073,0.07395175802232612,-0.032160443361121116,-4.839426945418422
-0.19317782945590184,-0.4261869229748822,-0.02327829682572402,0.7526624569582343,-0.4225355179031658,-1.0,2.255157296639479
0.3776525466080207,1.0,0.5497859765110273,1.0,-0.7157321909574585,-0.975588123916519,4.878355971459886
0.8647688006842431,-0.10829896732678312,1.0,0.8138080113736281,0.9817350692761078,0.28998363645642833,-4.61735350884614
-0.06748707358477413,-1.0,0.7400004621521233,-0.15247294958226498,-1.0,-0.4548878566040707,3.5433644140842313
-1.0,-0.49509635827145426,-1.0,-0.804766885550515,-0.6791327240249905,0.37578993410345995,-2.806630567674959
1.0,0.6237027929085672,0.9193142276256014,1.0,1.0,0.27456239175227615,-6.227301512273484
-0.6793955945056067,-0.433230753675654,-0.5404191832574514,-0.7216671751012068,-1.0,0.7228509990241456,1.3952556952910875
-0.6686169468237254,-1.0,-1.0,0.24665054170967027,-0.23132240053416214,1.0,4.103998182563688
-0.4866090048055147,-0.7495272177040142,-0.3070134531686609,-1.0,0.24777858756371052,-0.042306320416998194,-0.3689892627455454
-0.10126343647587754,-1.0,-1.0,-0.5572225567427616,0.6922916078986192,0.3491209399507791,-3.9259905762766367
-0.5803249435304124,-1.0,0.23766562196918234,0.06408510680655144,-1.0,-1.0,1.8735361079384845
0.3636114101649922,-0.5303531980290602,0.9131505851616504,0.04728248409649394,-1.0,-1.0,4.445333544694711
-0.4693092884847807,-0.0664789468894127,-0.20749098329249188,-0.5663627662236785,0.8558758229658971,0.32231531834681915,1.5779726616566974
1.0,0.5702358035827542,0.26564098281824844,1.0,-0.23563251425069742,0.07563516069731764,0.4317109100014263
-0.5172272799186884,-1.0,1.0,-0.6501510810770121,-0.2698160411983257,-0.6786655799524218,4.5418878750888645
0.5902487368076484,1.0,-0.11520439231586643,-1.0,0.4493841679099695,1.0,6.215549867780129
1.0,-0.4495543157144136,-0.8763348687023635,0.6066798542739427,-1.0,-0.0588113909619048,4.5708689473048505
-1.0,-0.04403032000529428,-1.0,-1.0,-1.0,-1.0,0.8639031798759461
0.029990160602062055,0.6470030735378659,0.36459204481118745,1.0,0.598206146670455,0.33256163134747985,-0.3912575264863847
-0.2169388260900702,-0.8438477431288551,-0.33430284425324364,-0.702918282638471,1.0,0.16377366211662947,-0.7084404010901771
-0.466669641863277,-1.0,-0.34424258590819345,-0.027797888802224113,0.015296881437936949,-0.9068475181480937,2.2088825476523786
0.6454501231401728,-0.3978544023505424,0.36614631987524887,0.027815439914326556,1.0,1.0,0.7660092040756031
1.0,0.03133447042022808,1.0,1.0,-0.5359786919562073,0.7125180210384924,-0.08921014899313087
0.5730137228713326,-0.6286095760059369,0.20612374872665679,-1.0,0.6504518289442474,0.27302478474802316,0.5585602872801414
-1.0,-1.0,-0.912614402587699,-1.0,-1.0,-1.0,4.804580402574341
-1.0,-1.0,-0.5793776395770367,-1.0,-0.4953737371719146,-0.38233657879548555,-1.4421652286273057
-0.3968318563465245,-0.8841873105843769,0.9254556436204964,0.4557020149772171,-1.0,-1.0,2.15970228338728
0.037214507433527944,-1.0,-0.5512484255772239,-0.7410882938548535,0.2168379298796636,1.0,-0.251431947440195
-1.0,0.27265861720440787,-0.577825411451315,-0.7104731363188035,-0.29082238152841555,-0.5370220813245594,-0.7077581705768933
-0.7673898739613603,-0.7182058968893679,-0.01947416952443759,-1.0,-1.0,-0.9811447073542743,5.148900426888216
0.2983951133000673,-0.9433937622921447,-0.938449078030476,-0.37438286532665643,-0.6369701273944361,-1.0,2.6629802223793644
-1.0,-1.0,-1.0,-1.0,-1.0,-1.0,5.562753654658691
-0.3451727227267053,0.9405665776121314,0.2402823295421218,0.279330773174022,-0.34406244837419725,0.05915678015902981,0.15372599239562035
-1.0,-1.0,-0.4629691962871769,-0.7096839132080079,-1.0,-0.2940566483372522,0.12813816547850662
-0.2239757046372508,-1.0,-0.9323265105024632,-0.19996127920796347,1.0,0.5407197413187458,-1.8438366824027494
0.07142634281800342,0.9549784796428138,0.36279065202149563,1.0,0.3829477609241546,-0.19337514699857838,-1.408915214040106
0.1703747884290674,-1.0,-0.8376357077292765,0.9260882390425296,-1.0,-1.0,0.94171841544518
-1.0,-0.4382476343299401,0.3852088875054118,0.7724364506405392,-0.02673759094370798,1.0,-0.5976918261525528
-0.35086317354300345,0.5629374312673919,0.6568050610663334,1.0,-1.0,-1.0,2.038823763077523
1.0,1.0,0.3304514938209471,0.09405987301025202,-1.0,-0.4444884941011984,3.7279546022076944
-1.0,0.29145956268944445,0.47839962038890155,-0.349204751984461,1.0,-1.0,6.172425186655236
-0.19415620094687103,-1.0,-0.4953804110523594,-1.0,0.1436746825486429,-0.31346458904682956,-0.834413335006646
1.0,1.0,1.0,1.0,-0.07364996080758385,-0.7144188276725398,0.7649883878065249
-0.04176941085593211,1.0,1.0,-0.38971632694382274,-1.0,-1.0,-3.6277245892564434
-0.9625711108492733,-0.26515789103784604,-1.0,-0.7710279542734735,-0.8974585832376958,0.7963179264441332,1.152813495822709
-1.0,-0.9004538452138198,-0.9712515511506055,0.19109883570573521,-1.0,-1.0,-0.36058486425733155
-0.8067747268880517,-0.35736948815534925,0.5906303480880781,0.4214416551040808,-0.07132936342539742,-0.04767765801530621,-0.2594986911092879
-0.764443961409077,-0.45090921481161034,-0.16627998155744134,-0.11708341827095448,1.0,-0.5059703942168616,3.9996816469918928
-0.2223303713074158,-0.5262914443483666,0.7487114637709384,1.0,-0.7296124715148388,-0.6084381094656165,0.3615408233527646
0.6038605966511922,0.5690463254302418,0.4101698825472754,0.38610656670491017,-1.0,-1.0,5.361386094383916
-0.7789288817829154,-1.0,-0.24342224139742913,-1.0,0.12882954159751253,-0.48973930542183663,0.138815788639367
0.3284784376314114,-0.013286866233590822,-1.0,-0.04389550064880665,0.9279013902123527,-0.16344175404352512,-1.936347693964209
-1.0,-0.8249185264321512,-1.0,-0.7674588316128246,-0.5097833481729934,-0.5137630495528096,-2.3390143297588244
1.0,-0.9722906587046807,0.6936440752147692,0.30355991176335845,1.0,-1.0,1.3546997402991026
0.14167476729515627,0.16156425856284073,-0.6273665940937372,1.0,-0.7910983701710955,1.0,3.1674409520522544
0.017529480242869877,-0.07004952928268249,-0.40356275785424844,-0.627202261114624,1.0,0.4021647244983052,1.6154896984546614
0.01104300949212711,-1.0,-0.5064427783138378,-0.8084995768430248,-0.27320151526461256,-0.25421916044919557,-1.3027388349879252
0.2813259783096398,-0.17876647098297338,1.0,0.5969639265995751,-1.0,1.0,-0.15714195672283177
0.8650743802787639,0.021547002506575597,0.2319216670352382,0.6799562184866947,-0.5567654745205564,0.2319738027474613,1.9123281264687586
-1.0,0.9573734199586778,1.0,-0.595289017737806,-1.0,-0.15185174945613023,-4.897063989328091
-0.819682400751994,-0.4655996882903245,-1.0,-1.0,-0.40071643734440465,0.752647955386522,0.31332729419489
0.47236979969273807,1.0,1.0,1.0,1.0,-0.03686966255366256,-6.376582162873094
-0.5300820064618401,-0.5605077576186367,-1.0,-1.0,-0.22352506232639535,-1.0,4.932731732387495
1.0,0.18850394466569126,0.08820062872936762,-0.18164195281337214,0.6342199174785595,0.7819183677511323,-0.47167199690638756
0.7697005299467032,0.7730223230233807,0.5981585602144965,0.7349086950319597,-1.0,-0.05767489207094223,3.311345981894365
-0.8906366457565326,-0.00953742091695986,-0.5714661965846286,0.36227977099185316,-1.0,0.16232365462604825,-2.9766397601592876
0.34877828853170734,0.09752634560438755,0.8015067178297788,1.0,-0.6237660350496805,0.17370432703137761,-0.08912919552084883
0.5449314469135453,0.085432924567036,1.0,0.8020546998266174,-0.30667668061340725,-0.4678692413295693,0.8146683824942285
-0.8226110125324148,-1.0,-1.0,0.2887938900694331,0.07755991332648504,-0.5844238498726803,-3.0200560700083834
1.0,-0.6139731578344922,0.7516151766626284,-0.40860180829297316,-0.5562264830158228,-1.0,9.576468681507766
-0.5463625761234892,-1.0,-0.5942772579354425,-0.34699708962706377,0.19021114241964038,1.0,0.4104996722482507
0.14813830174527176,-0.7942521811573822,-0.15742981848181659,-1.0,0.14424134356766294,-0.08732218255620344,0.28295860553955965
-0.13488806189877856,0.35276909873983164,-0.7940840428811834,0.1552812409356401,1.0,-0.6983267000640222,-0.1822615117602901
-0.3930255142118916,0.08921877259548094,0.3140556391539982,0.9243443577932997,-0.8181411092229034,-0.9676200360948706,2.4653590489326342
1.0,-1.0,0.2221795797620072,-1.0,-0.9062915388330037,0.5686024081734071,8.510529033982122
-1.0,0.18011393709863877,-0.09977295541775244,-1.0,-1.0,-0.868095001099825,-0.016323655091084244
-1.0,-0.06554178200089822,0.6948541943735242,0.9550999651675403,-1.0,0.6823731231915517,-2.817798814469917
-0.13589563072653155,0.4604491683402191,-0.8825837070720178,-0.47082161141094336,-1.0,-0.11937516961747474,-1.3385488028560175
-0.8986951949864737,-0.5387816324705987,-1.0,-0.8523985183291685,1.0,-0.3575165666477069,-0.10222364941774997
-1.0,-0.4530875421539223,-1.0,0.45275683859805793,1.0,1.0,8.224189022309885
-0.464158634881153,0.2130207947197944,1.0,0.8011444217125112,0.4754528886328598,0.8369753853541515,-2.6352805491710805
-0.5095536503989511,-1.0,-1.0,-0.21991607083562026,0.870030446597293,0.9526219949589898,3.5114032432153737
-0.3940645500644571,1.0,1.0,1.0,0.04459875248517685,-1.0,-1.8510257351920283
1.0,1.0,0.3874282908088247,0.9486759228172204,0.0938516312284925,0.04279401185354614,-0.09359531130292809
1.0,-0.5834805280565453,0.9358217291878033,0.8170155520077556,-1.0,-1.0,10.251211480475392
0.6900813487270538,0.9276503868614685,0.06878791397269213,0.3817820977257418,-0.5028871295302662,1.0,4.401473637906259
-0.42447886682773667,0.3779632203581048,-1.0,0.21117677713997055,-0.21274940449156682,-0.5842757868751794,1.2953873030676664
-1.0,-1.0,-0.5049600225765656,-0.5009232561851359,-0.8170104554482738,-1.0,2.602125794521803
0.8724734792891137,0.5796251955268524,-0.9101019589556597,0.04260299074195095,-0.7336653696575256,0.44306209060394464,3.1706286615620476
-1.0,-0.48764852408978776,0.40571471573125806,-0.09784622975440588,-0.9881867779068356,0.525946780218614,-3.808927868624348
0.630528182659834,1.0,0.3779596909657163,-0.07437971455598369,0.2992674062403016,-0.13941966223601143,-1.3931054045471667
-1.0,0.9091933894768689,-0.4298632358238603,-0.39767137489718307,1.0,1.0,11.402238259504584
-1.0,-1.0,-0.19824679831372027,-0.25966640909520033,0.9244058754008742,-0.14182043389085064,2.90366794975655
0.6121679714481498,0.2500048081239213,-1.0,0.8199512396062653,0.7941261062676233,-0.08968501132399309,-2.3106453344285587
-0.7150312688701546,-1.0,-1.0,-0.03628540878871811,-0.19877236874005588,1.0,3.5477462924364125
-0.27870390165168146,-0.38412466288622293,-0.23085709409845423,-1.0,-0.6415322745082737,-0.057144840864541635,0.4650713406073102
0.700006337799349,0.44195800235757154,-0.23031406539519994,0.22349189531189947,-0.49224440156448623,-1.0,2.9607952557968638
-0.517145056396068,-0.12481261831215407,-1.0,-1.0,-1.0,0.08736763625160693,-1.547203781118354
-0.30973153349835775,0.26103548356561357,0.7353738871048358,1.0,-0.23171868459147427,-1.0,2.486575770944176
-0.20706018592546505,-0.17274235419566986,-1.0,-0.7487301880189774,-0.09321491157079001,0.6793081735019613,2.758724683586905
0.5663848931392752,0.9749840643265166,0.8075544425058347,1.0,-0.9685211372408654,-0.7832514159881071,4.94058775038854
1.0,1.0,1.0,0.4583616819692402,-0.36463722435133405,-1.0,3.7301486869637266
0.8218547506491941,0.9755252192750674,1.0,1.0,-0.09273480779391008,0.24746411788106612,-1.9314758610153135
0.6384644787271996,0.030790533122045216,0.85165507559896,1.0,0.8696435283022756,0.05023688826813333,-3.1976175410657737
-1.0,0.525017469858586,-1.0,-1.0,0.01765474828537783,0.2353959063090882,0.5781240350899617
1.0,1.0,1.0,0.7927762780914431,-0.9872401479787483,-0.6976052275186646,5.311676150853719
-0.6588934389918206,-0.2055176932264171,-0.33612970231754113,-1.0,0.7810577875991254,-0.14619119929039237,1.6034393134848357
-0.19519877132813113,0.6409151910708549,1.0,1.0,0.6964759782208435,1.0,-2.858158771146484
1.0,1.0,0.25378981850713767,0.3697222738783198,-0.2071540634692609,0.819821680436134,2.2285596889113726
0.021639080399561972,-0.07743973955367653,0.15607468065463714,-0.5614979360346863,-0.1306337823156296,0.39388933573371215,0.42568788228918103
0.06549477578735446,-0.3749637704653913,0.2422717709305765,0.041754699476199864,1.0,1.0,2.023453588988564
1.0,0.05629170984386822,1.0,0.8394388586125054,-0.9855702957009123,0.3152882520651088,4.16842645007203
-0.024676110314864053,0.2725444090989004,-0.04905203701902072,0.615856728637382,0.7639525195233668,0.8087196633469436,3.379658398594727
0.286529063390638,0.5101881309957939,1.0,-0.22526375619080313,0.9849746600932826,0.2834230339047974,-1.7612487487955
-0.27527533997922043,1.0,0.10022744984291132,0.9719868677291588,-0.2845784874935382,0.3283447930472029,-1.3279656296638895
0.7873584672997427,0.7857498991883218,0.3052073018913256,-0.11865540197363947,-0.7425474597812455,-0.5055138410037143,3.0632422520891587
0.9486027619230303,-0.6525937050974504,-0.9361085407971839,1.0,-0.18931440027092994,-1.0,2.8085729693997745
0.5116626268723248,1.0,1.0,1.0,-0.31499022768809576,-0.2566008526383523,-0.5991944824153274
1.0,0.06630275734167324,1.0,1.0,-0.503434344348979,1.0,-0.8989296050622482
0.8791396907855691,0.2837077099887211,0.391433118979971,-0.08686874782891174,0.8256477152541228,0.7450389951362425,-1.5991764606766683
0.9017679033785806,0.7711008851052022,1.0,0.9518691175878183,-1.0,-0.7438719633818405,6.813995721108874
0.9075707555033553,0.1598122883287706,0.37490139930597155,-0.006047405770771175,0.7666084011017469,-0.07235746445191715,-1.3690526944345038
-1.0,-0.4934545028185827,0.21411600178814091,-0.589379542284577,-1.0,-1.0,0.3423405181708707
-0.5164710823121474,-0.8825004704010408,-1.0,0.43492987095308827,-1.0,-0.6421459073284524,-3.5524515313417733
-1.0,-0.1441241677329992,-0.07675863270048879,-1.0,0.31634543935853954,0.8074024463238048,1.9983296604096024
-1.0,-1.0,-1.0,-1.0,-0.7201366249116488,-0.390171861382718,-2.129226882047436
-0.6568804248798138,0.1362457272627317,0.9649522166159228,-0.3627282689406649,0.42645437373341655,0.1543746163532959,0.19965866642348368
-0.5764216721059165,0.6513934135014796,0.16012557287431894,0.18670851452408743,-1.0,-1.0,-0.7178098326249717
-0.49158202943980256,0.17452716163225224,-0.14425337939649374,-0.7816042115737761,-0.3284482227348043,-0.9680207754070118,-0.1285917163658017
0.6242892051632898,0.1486740906719919,1.0,0.40914155740665814,0.5783733652234395,-1.0,0.5683597555977897
-0.5999001741261376,-0.39341794113760176,-0.20008879778658406,-0.8338535309020296,-0.6264691620532057,-1.0,2.2469807042081706
0.9346988855335813,1.0,1.0,1.0,-0.39011922179239655,-1.0,4.536846134542396
0.03884839515461025,-0.40947595930849884,-0.6700325791748165,-0.0161567909353538,-0.05530126602147045,1.0,3.7436246500158963
-1.0,-0.5324219847074798,-0.6803816603490107,-0.6372377660826436,-0.6589241940469324,1.0,1.6913789345753827
-0.9342011749704877,-0.6588982993444576,-1.0,-0.4549802831389964,0.12230438970195384,-0.03350622672132053,-2.4464421568655244
0.140863893466178,0.286028214312344,-0.6381744250592594,-0.32881615539322945,0.04620854544798558,0.18050001137769978,0.4525827380373141
-0.8931727133676379,-0.2449988194166215,-0.3601076254990252,0.3791744806690504,-1.0,-0.8227690785229604,-1.41321763775865
-0.4445131108819928,-0.9607313619248324,-0.3181503077618336,-0.5990194179317324,0.5997730007088595,-0.01742493202110812,-0.5464226753384117
1.0,0.3995483093538193,0.18494191124143416,-0.5803052261514778,-0.6695545322467963,-0.8369892238185512,4.621967907690425
1.0,1.0,0.7666265690481433,0.31472156771843474,-0.18864612943649411,0.042251576951966796,-1.4125946856215634
-0.3615406926030784,-1.0,-0.1812077942622108,-1.0,-1.0,-1.0,7.314848283288886
0.14562654015057971,-1.0,1.0,-0.48294060227392654,0.02891308493838038,0.1702798983088991,0.9971502284867358
0.886175087678893,1.0,0.02981452216693338,-0.2599136844805512,-0.07287122798205248,-0.5908163116457561,0.2371904196125877
-0.7945361285332767,-0.06342738589965047,0.30675513428735435,-1.0,0.23480376845723175,-0.5267666347779086,1.456403450531656
-0.6796418762483192,0.4181859186703017,0.7632720711348823,0.4449888804654981,0.8567978821933472,1.0,1.353764044550762
0.9660896633513876,0.455383125539935,0.34005841365775646,1.0,-0.05066253059052506,-0.8083077383824017,3.3384314384623583
-1.0,-0.6089269166269471,-0.7549071364820465,-0.07828099340923633,1.0,1.0,5.820438758549637
0.45105274801268913,1.0,1.0,0.8098208764441224,-0.5060561092417308,-0.07380335146347833,-0.7134823220502783
1.0,-0.26379371055102196,1.0,1.0,0.4832312983085142,1.0,-4.4821618911342895
-1.0,-0.6210419818698952,-1.0,-1.0,-1.0,-1.0,3.961200000120665
-1.0,0.36601348770654274,-0.3774473927000884,-0.5485923425584773,0.8963763972217482,0.056932677980498614,3.0060191945404284
-0.5999335906109182,-0.9416381238516753,-0.8778447834846844,-0.5067399237760353,-0.5491306952236801,-1.0,2.2635252862734725
-1.0,-1.0,-0.43119002774186965,-1.0,-0.621737406513806,0.9934596785266466,-1.5335097499183794
0.6123078539750342,0.473833836422658,1.0,0.2957706142385791,0.869955171771972,-0.9787378605214453,-1.320146077178518
1.0,-0.4426279417663666,-1.0,-0.05154177418003014,-0.2256392678097694,-1.0,4.666125958450316
0.20005476011885293,0.9326611271978255,-0.009137975270938015,0.731028689578755,-0.5984143751765929,-1.0,4.106082643542772
-0.6338411413744783,-1.0,0.4502555640329222,-0.785931885598747,0.05627625205128761,0.431958073618411,-1.594916604323007
0.07691992770169875,1.0,1.0,0.9525973114279468,1.0,-1.0,-6.53305577509818
-1.0,0.6045422145697362,-0.5793053848610792,-0.43469463547035264,-1.0,1.0,3.4237067902173886
0.9771425961482356,0.8116953719358775,1.0,0.41982490770071856,0.5111689319805722,1.0,-5.1394580527406175
0.14575158043157843,-0.5287225069176957,-1.0,-0.12622379863499014,1.0,1.0,4.047881005307053
-0.0013235080925562137,0.418279402451209,0.712205791474486,0.6346716634086877,0.2964763074643213,-0.8751494983731798,1.3443976875091856
-0.14175024413386295,-1.0,-1.0,-1.0,0.2429025910226018,-0.5017822471077602,-3.4821011521937177
-0.7563039998929715,0.6598610680034978,-0.5405542856527159,0.8490964543886345,-0.5832113177937299,-1.0,2.289984566420654
1.0,0.2824878056436123,0.7721764302985319,0.08600548185307144,-0.7271222761991978,-0.402936735970742,4.310346009671552
-0.5632144003163846,-0.9985455265384922,-1.0,-1.0,-0.562951383878336,0.7109868927012856,-1.2731153512266278
1.0,-0.4835917092351093,0.4806458206111889,1.0,-0.6911623095186383,-1.0,8.603929952614635
-1.0,-0.2877637262820202,-0.824084979432672,0.362345222622774,-0.5312655212313561,-0.05147935055128161,-1.761243428087178
0.21758592984461694,-1.0,0.46159687517538583,0.9994397992096378,0.6338084429551893,1.0,2.7059069107080194
-0.001761283321857654,-0.5714952899902771,0.28111540804481044,-1.0,-1.0,0.6004396233547447,3.137897526882833
1.0,0.6177839083316994,0.7565840242973081,1.0,-1.0,-0.8549315093213079,7.999544951177919
0.7897509534232522,0.10482689611262033,-0.20961246071062528,-0.7684486812591609,0.7784760036594716,1.0,1.7087647083053876
-0.8909686065228556,-1.0,0.864902040842864,0.18646065414287066,-0.5375214549493643,0.5540516425942581,-0.9899170311566929
0.19679430654502195,-0.4974339939624962,0.35447555141220327,-0.8599010103839284,-1.0,-1.0,5.979871289971745
-0.9420243657189988,-0.7525583156089228,-0.2830127711248811,-1.0,-0.2782321168539247,0.5871770385274904,-2.1995247239907925
0.49699582605679493,-0.27558329071509247,0.12408516001691924,-0.6519735328349601,-0.044289044714265646,-1.0,5.138495097833229
0.2790948773848003,1.0,0.31568378109751416,1.0,-0.21637855854382132,1.0,1.4607023366504235
0.5033969558728744,1.0,1.0,-0.5340613349151574,-0.6322996106832064,-1.0,-2.032976409414229
-0.4442590779434543,-0.3618801209948557,-0.88986845300613,-0.22705444744790704,-1.0,0.0549825802287206,-1.8209970836675964
0.49543914279331386,-0.5375648527443857,1.0,-1.0,-1.0,-0.324695385571399,5.562933277800118
0.41329387276609236,-0.366590415593915,-0.22085604762656003,-0.3285132528020537,-1.0,-0.7394287337036891,2.504100293495386
0.475665831827358,1.0,0.7984227984028623,-0.6081878055728999,0.5089049160656496,0.5737130653454867,-1.8333663566743597
-0.0626638459252915,-0.8095063229461267,-0.6211327995301051,0.2216895565193051,-0.2164997834215267,-1.0,2.2745773130855804
0.13767999564070332,1.0,1.0,1.0,0.1799354923080606,-1.0,-1.102444179987057
-1.0,-0.7435800377684587,1.0,1.0,0.04091219002725621,-1.0,1.5257322623805671
-0.2802380005757498,0.19995457130580285,-0.29544115553946987,0.387473938827981,-0.5820661887054677,-1.0,1.8943137493701636
-1.0,-0.6941696154214811,0.7244088238573595,0.746705894884657,-1.0,-0.9753504404283186,-1.045695414245875
-0.6650465071622271,-0.5348807520575094,0.5805798083682624,0.7735872632763248,0.0827734156974888,-1.0,1.7641776167487337
-0.29799718790600654,1.0,0.29544695119919784,1.0,-0.45416519521671683,1.0,-1.1592177358997002
-0.5600261480523894,-1.0,-0.43689780560049274,-1.0,-0.7583470639455259,-0.15993537346099837,1.2650953700246028
1.0,0.40526439762201727,0.06724517090159843,1.0,-1.0,-1.0,9.86800038539402
-0.7965749780271367,0.5013700336335754,-1.0,0.6951659761405449,0.3444513131649092,0.3901760324882828,1.5172402666808438
1.0,0.5691315202249856,-0.48965348417429055,-1.0,1.0,1.0,4.268287340736027
-0.7595432131945815,0.4442690115938125,-0.07382742450821,-0.004234716857200782,-0.6598606098243534,0.3496618264862006,-1.6577114536487598
-0.8233446276048657,-0.1105579713246774,0.2697935153299791,-1.0,0.315325286438595,-0.9603622626701155,4.187373667302876
0.27240002881516057,1.0,-0.755468589987507,0.7265515176209633,-1.0,-1.0,6.300665755851963
-0.5831735729259319,-1.0,-0.7337868706159003,-0.20874946061707567,1.0,-0.5083564974241381,-0.37586031825462735
-1.0,-0.2797064314889206,-1.0,-0.6314414794215975,0.2937484276633133,-0.9772165906837339,6.379889433734018
-0.22374700361888372,-0.42652604437875474,-1.0,1.0,-1.0,-1.0,-0.038328312059078495
-0.5892764775505259,-1.0,-0.14085586774377806,-0.5660024649107216,0.7586373465445553,0.7238233247689593,1.917551743974816
0.06646808687378325,0.5265299183789633,0.9226723230944016,1.0,-1.0,-1.0,2.3993473744726876
0.020975782979489432,1.0,1.0,0.13225027476981488,1.0,1.0,-1.3936237554361948
-1.0,-1.0,-1.0,-0.5422621612234126,-0.3103163948789833,-0.8437769643961117,0.9781719812248306
-1.0,-0.5692541551019892,-1.0,0.049456583428669765,0.5343839328351758,0.1064634525540951,-2.071317171500299
1.0,1.0,0.14418571268830727,0.7765241064020076,0.9638959409417722,0.3742712726495332,-3.0835789619814853
1.0,0.6386177956302999,0.44885968759926853,0.765239663225143,0.7112685892421315,-0.4009834199041157,-0.812352685196662
-0.9749852420992104,-1.0,0.14523871221222434,-1.0,-0.43540454646803317,-1.0,5.097943703537944
-1.0,-1.0,-0.23521167871867787,-1.0,0.4097931485077634,0.05930802966147117,-1.1437507038556962
0.7055371586668604,1.0,0.16445584109507272,0.5511213034267708,-1.0,0.41213614653060504,3.0325380741540067
-0.155941445673612,-0.9168032564174025,-0.3502797512261625,-0.47299127339922387,0.5961929208286815,-0.18347893969395954,-1.5842006648099631
0.3658813409474154,-0.9111649077140015,-1.0,-1.0,0.0814989334924967,0.9171084533273723,-1.144326003884252
0.2602445110045371,0.1326325003238804,0.8038866236844894,0.7666290597107279,-1.0,0.24122818413938552,0.26726250983591426
0.508395539269295,1.0,0.7012498457422627,0.8221442231232514,-0.038859115746733286,0.7049811907783101,-2.407616758077009
-0.7994773536507966,-0.1796837329836718,-0.8614585035855695,-1.0,0.4856994453104678,-0.9333248931966351,4.739726111463303
1.0,0.22985540893827383,1.0,-0.4932835799409494,-0.5880354346952302,0.05893554520884359,2.5037469325546837
-0.9321421718975498,-1.0,-1.0,-0.45615719128592414,-0.7914906528074399,0.6979943416897603,-2.731663550203518
0.5759127898897509,0.8723959060019513,-0.07980684942866784,0.16578647020344828,-1.0,1.0,6.728217124726625
0.7820240673544594,0.42611318964128886,-0.20377488158313672,0.429951165549205,0.5049608365652491,0.35475896976709387,-1.2520767908652848
0.3342061238191266,0.6939401603780384,0.4419454909118402,0.23345903547666458,0.22449559091646773,-0.5373914493303076,0.7752661465227398
-0.8917758726873353,-0.018729721795631094,-0.6382940665767206,0.24362695303915505,-0.32687128869582455,0.08984068709575349,-0.22853409992526696
-1.0,0.018480943605167166,0.013710428946166309,0.8045156297000597,-0.8015430216132564,-0.2921116045207742,-1.0568671961618668
0.5631403144195876,1.0,-0.39328677261432554,0.0767753030619388,-0.19762076527136518,-1.0,3.2707342845029537
-0.36606551055656256,-1.0,-0.691128498150693,-1.0,0.8562092416984499,0.4388282271460262,-2.7507898865145504
-1.0,-0.006327728204596372,-0.6148954934826459,-0.1761133906403023,1.0,0.15020212157495605,1.068755542125525
-0.27873666553056065,-0.9090587267536422,0.7268065294622633,0.5925243732576206,-0.44761820044133094,-0.592821051400297,1.7508835564815586
-1.0,-1.0,-0.12786804279130276,-1.0,-0.4865294503403659,0.5852515366869502,-2.7096393246638804
0.31649714042127397,-1.0,-1.0,-0.42409442046647194,-0.03474172358404837,-0.5957518281557177,-0.7746844320235518
-1.0,-0.5055568720020043,-1.0,-0.7560155057999904,0.6909620091722982,1.0,5.285980960667305
0.6053532645085635,0.5858837095034439,1.0,1.0,-0.3800567593517203,0.5068876906310902,-1.4350392952050763
1.0,1.0,1.0,0.7544939270981088,0.8731254842559384,-0.6967965085127913,-4.760185732988008
-0.3430743180330583,-0.637818566814873,-0.7072987088225039,0.09726561796717592,0.7994395870778264,-0.26856397279983885,0.4846104361879568
-0.9065949532493901,0.5958854646195164,-0.800495119921805,-0.9735593193403937,0.005770395326609279,0.9493976964402775,6.151734490855277
-0.8453823470064111,-0.08033195105464097,0.03353639961996496,-0.08144797439891582,0.6078321710771064,0.2302259080999436,0.2945223205865495
1.0,0.11551895234472287,0.5574023997229633,0.11253545598569126,-0.1453175711908506,1.0,2.240873338747878
1.0,1.0,0.6013155528264016,-1.0,0.4418738356020806,-0.27074849389675865,-2.5732923637853276
-0.30175488715013143,-0.6286364843782617,-0.7894770987884996,-1.0,-0.4040994517603078,-1.0,2.7365051011443775
-1.0,-0.7365044566287062,-1.0,-0.1302772647924474,-1.0,-1.0,0.24521026265618362
0.5234588472728938,0.44436764213280555,1.0,0.4039006370718159,1.0,-0.9315026284530937,-1.7691813764692863
-0.3557994606294667,0.6601311691160684,-0.82112763512445,0.1047428432217821,-0.10170508594412886,0.5084686471935358,2.989977988518057
-1.0,-1.0,-1.0,-0.2491803015642875,-0.9732572553612842,-1.0,0.5459529695410467
-1.0,-1.0,-1.0,-0.943381001883443,0.3719928951606557,0.1262139414440938,-6.94997968662052
-0.8936422233215365,-0.8068848194625008,-0.21827144335739873,-0.9896257476810366,-1.0,-0.20673514093038747,2.460796693489285
-0.11768712263885948,0.4300817297439553,-1.0,-0.27646877490399313,1.0,0.36471899056289026,1.5589926541569463
-0.298921446241734,-0.28025391020236134,0.7628754915695597,0.39068301308435927,1.0,1.0,1.3281493920080791
-0.9877761184148808,-0.8435006162062133,-0.8336420766606474,-1.0,-0.4680840132466656,0.6015215344181741,-3.3605357543470493
-1.0,-1.0,-1.0,-0.9128990919778319,0.17913287084782048,-1.0,3.3852351585416356
-0.5495050731955724,0.08703687109868541,-1.0,-0.5764230797308388,0.01885258108186505,-0.14359040713504448,-0.589392823168746
1.0,-0.29893557138209637,1.0,0.690699825158587,0.5103505823809592,-0.8655874441791571,-0.8918315705947366
-0.26001025171423686,-0.4466921191173795,-0.6102770204712966,0.5879808032990955,-0.19618126139291703,-1.0,2.324415778779077
-0.09185168834830593,0.08913137170251273,1.0,-0.2242598936153217,1.0,0.25175601569870376,-1.9537322917520568
0.23996845866392214,-0.9686479705821543,-0.18766881323787066,-0.8367339921870958,-0.7044649409988326,-0.22194958298025425,4.119455394656291
1.0,-0.08904543880548266,1.0,-0.5667682269643582,-0.0381051138545348,1.0,-2.756392794582971
0.6039245186996982,1.0,1.0,0.777376664030821,-0.7150018302765763,0.1445806093878054,-0.9330060040746226
-0.4006092123096201,0.48651976491416715,-0.7950906732957703,0.18863485201988034,1.0,-1.0,1.7519111519704198
-0.12203364868022748,-0.6827685993266925,0.6173313850481243,0.7980103592814729,1.0,-1.0,1.2891834255563004
-0.10371789776972928,-0.6923351733632761,-0.19048295738968407,-0.45313003884866554,-1.0,-1.0,3.548924203076376
0.303940856269159,-0.3273031292892892,-0.19277200998384647,-0.5067631037187523,-0.9605797262307223,-0.5485702766500005,0.9460080804868731
0.28118787154867425,0.5126976416135549,-0.5982749301820477,-0.5042232470323317,1.0,0.226379307733429,1.1431566012012777
-0.9954541698431176,-1.0,-1.0,-1.0,-1.0,-1.0,5.4911375752037
1.0,1.0,0.8501702310924979,1.0,1.0,-0.3593292871081317,-5.7874017132882996
-1.0,-1.0,-1.0,-1.0,0.33585156520739967,-1.0,2.4456748265575605
-0.01669734125224165,-0.04054451402906234,0.7601420152696409,-0.7242226271653739,0.7117785949332642,0.258034764557759,0.2885469194506606
-0.19781450492298058,-0.15329023979938294,-1.0,-0.06993206785799833,-1.0,-1.0,1.994111195049609
0.8459599552494903,1.0,-0.5389462528887932,0.34814606690725824,0.8868636882740135,0.6423453454583417,0.21476147673066903
-0.6508040626163301,-1.0,-0.7539878542184257,-0.816320088927321,0.20828588756300306,-0.6031787459222387,-0.7420755132244851
0.009182530052208815,0.5072967187552639,1.0,1.0,-1.0,-1.0,1.8211359194758228
-0.20950966005775695,-1.0,-1.0,0.05872901063277225,0.07171912844653244,1.0,3.1684425031549877
-0.6564336062215247,0.5322362376543714,0.03330824631746784,1.0,0.433288399756401,1.0,2.425148970574122
1.0,-0.16031398126950339,1.0,0.9984963150425802,-0.8927791330069561,-0.9740503072146997,7.383965382221892
0.14376264062782554,-0.39968340309048056,1.0,0.490050215757701,-0.3237966012591702,0.4376316051469775,-0.9366183267353273
-1.0,-1.0,0.6710749749459077,-1.0,0.529120713251316,-0.37853217506839987,1.9462470513564791
-0.16675784159926232,-1.0,-1.0,-0.888226339405072,1.0,1.0,-0.39488239753487026
0.5388549098031556,-0.39009651015992347,-1.0,0.47861957675381883,0.13930228372566034,1.0,4.789051200442596
0.3492815983199612,-1.0,-0.5660260612684593,-0.3219119696127182,-0.24842925377613545,-0.2565499049925807,-0.45339918550167424
-0.9142957639799371,-1.0,0.05456374061421507,-0.5561564658976728,-1.0,-0.1763505039279234,0.08675477744798754
0.7106287960381299,-0.531274169899909,1.0,-0.34499182685631513,-0.35986241031546806,1.0,-0.47069338537901956
-0.05923925220766507,0.03425912487443783,0.5876026930016996,-0.9852447428744359,-0.13065109672370082,0.5910857495185153,-1.1403814625146613
-0.2961604753652902,-0.41419500522306896,-1.0,-0.13722672941211256,-0.8447704592470291,-1.0,1.4502553296169318
0.11245003286511546,0.7982347501790205,-0.17855193838507433,1.0,-0.16890677906842433,1.0,2.997674515436686
0.9425810992679626,0.24214493931489334,1.0,-0.43563095628143633,1.0,0.18817471208118963,-4.634714797703587
0.4728109145015643,0.23772650249556282,-1.0,-1.0,-0.14769132948242203,1.0,4.128666465721997
-0.17609636688599994,-0.6440197295005129,0.2986348964989334,-0.9043385027184584,-1.0,-1.0,5.328125450109017
0.535196000889395,-0.0801562084328199,0.38509899150272286,0.6869850896693989,1.0,-0.7307442893123199,0.17709466462212248
1.0,0.09532492259048309,-0.2979388465284085,1.0,-1.0,-1.0,7.489834304832273
1.0,1.0,0.8224520311387102,0.3295340645517115,1.0,0.33491553167383215,-5.035599810694706
0.3459499740938914,1.0,0.016454509000268236,1.0,0.8114194849340469,-0.5033758301412973,-0.35135461731759343
0.09881537387183817,-0.38951122036494923,0.22313807884274592,-0.3910842247100281,-0.9853970703778152,-0.38086266654424705,2.0949699970893816
0.0767379146067437,-0.31274393662874833,0.23294115901554283,-0.8805478264534718,0.2106299574268139,1.0,1.2655317362957093
-1.0,-1.0,0.7105016283166277,-1.0,0.04425983193695626,0.2128198766516931,-1.0552378580866772
1.0,1.0,1.0,1.0,-0.6087998860530595,0.6513338949264849,-1.0003657992023234
-0.16019199690602248,-1.0,0.6276380434239823,0.5060840663440055,0.6453416419406263,0.1395806359351317,1.0114394204612438
-0.9247963132061509,-0.4159022497172521,-0.6030505995383673,-0.06808724967887059,-0.06878690057142633,-0.21620599884659047,-0.20162518520903677
-1.0,0.22387968349937726,-1.0,-0.044141553431487957,-0.0012097030375453205,0.29475810828104076,0.24991920558479574
1.0,0.5511060812353354,0.5217324127117481,-0.3591007863948805,-1.0,0.18854899298492955,2.3521639067316458
-0.1610237600008082,-1.0,-0.6150463647850903,-1.0,0.8113053219676585,-0.7821742969559178,2.0596310045151505
-1.0,-0.19334610404147878,-0.8678981153697732,-1.0,-0.11676812256750974,1.0,3.358897587685479
-1.0,-1.0,0.3731670883945128,-0.5453917980621775,-0.6154256208252612,0.8545993970804262,-2.136485513862654
-0.20102213921026896,1.0,0.9545509222616807,0.38672178808551677,0.7304973147468937,-1.0,-1.6089498600996104
1.0,1.0,0.20409935441676275,-0.18607050980008405,-0.19010631714237874,0.265688235278705,-0.05888207553847824
0.24818714613492687,0.29552859291050027,-0.40364514006414653,-1.0,0.08911993631869258,-0.08948033996616797,-1.0291053965864405
1.0,1.0,0.2779133684478632,1.0,1.0,0.37224918672412655,-4.187320181739748
-1.0,-0.27479513497026953,-0.5213372220201249,-1.0,1.0,0.1931083528379045,3.5276985738748126
-1.0,-0.6580465211102822,-0.020944181696882058,-1.0,-0.19524354525187748,-0.014718109924473533,-0.2076009478673474
1.0,0.4453702042561144,-1.0,0.03444710069298997,0.04064655172602921,1.0,4.381328171492131
-0.027919364837250826,0.16699301836803393,-0.01886053398193177,-0.937431810595843,-1.0,0.2181442930012172,1.6270204661775172
-1.0,-0.5661040154972292,-0.5260200763907591,-1.0,0.9609816739256105,0.19740001877469923,1.6721104869998327
-1.0,-1.0,-0.6633754294005332,-0.2227111345593541,-0.21995198155600237,0.3113032405840539,-3.076532088409041
1.0,-0.28188837084526397,0.5964311779391975,0.6090395222714742,1.0,0.7239600506545061,-3.2400807365305617
-0.037756153643121015,0.5157022911398302,1.0,1.0,0.7219738676108391,-0.33645380143545556,-1.3713621442219135
-0.9240503101385017,-0.9803472773595779,-0.358097815619591,0.711657971466099,-0.29850348518318176,-0.2763994994029715,-2.1629511641721644
-1.0,-0.26599677405893973,-1.0,-0.8618807337102576,0.5897564340290129,0.09265929811216855,-2.287674300787356
-0.1716561470745508,-0.5928563355083376,-1.0,-0.32468198951743643,0.8687857644519381,-0.5302525216569187,0.0376833686600726
-1.0,-1.0,-0.01643517424043628,-1.0,-0.12114477909435739,-1.0,5.184726820801962
-0.2855801096313822,0.7182996019273655,-1.0,-0.38681977875448603,-1.0,-1.0,0.354646929775891
-1.0,0.1702985994536269,-1.0,-1.0,0.0035483668270401836,0.1401376575659677,-1.9310370519083757
-0.7638276110165176,-0.15734603344404663,0.7096911865337688,0.19492386004002737,1.0,1.0,2.4703830913219416
0.44137420322874105,-0.2785094068119897,-0.02888024125429478,-0.14895419528772832,-0.30387466653393086,0.4257958312343325,-0.11194952288350024
0.975128695182379,1.0,0.6197301171757815,1.0,1.0,0.9224895241084183,-4.744709528966946
-0.44405852469230256,-0.250738453842682,-0.6621106886801411,-0.3947814607027311,-0.9768731849719958,-1.0,-0.2035211327037142
-0.5441488522532087,-0.003482766781553126,-0.6618711436903854,0.6446661247651615,1.0,-1.0,3.0694725418493625
-1.0,0.773911830008527,-1.0,-1.0,1.0,0.019670481044393062,2.4349693412320703
-0.04697568781350861,-0.08611363523433246,-1.0,0.21364038489952047,1.0,0.033969303611738555,-1.6774280775050985
1.0,-0.7195371866016507,-0.5731864158088756,0.8250364027953001,-0.09269990878587198,-0.5563401884009348,0.643913568664639
-0.5329067219842216,0.7633202816270034,1.0,0.04928992995609449,-0.6112591013116871,-0.8390323908387373,-0.5755129253287814
0.027985263863371523,-0.10634620217523083,0.29026663866017854,1.0,-0.23342594495311664,1.0,2.511650975707619
-1.0,0.7280249883115086,0.518249828645813,-0.26418820384892017,-0.2953162536556706,0.6617342121407082,-1.3534457058216125
1.0,0.686788207153894,1.0,0.2683969757966487,-1.0,0.3807014334745701,2.735899840281599
0.6777097866994408,-0.7951807295826558,-0.11846628859301617,-1.0,1.0,0.2062660892797703,-1.7789598949804466
-0.737064665768932,-1.0,-1.0,-1.0,0.9803943920452444,-0.24625728034207373,-5.70766291569271
1.0,0.3862502323238701,0.8422007743874533,0.8767970114319348,-0.12735274619603226,1.0,-1.154509498896509
-0.4514459116946585,1.0,-0.21604376181956209,-0.6253444085840936,-0.06960686424501637,-0.772272022824499,0.09354068000357862
-0.8968260951318703,0.09199545833734174,-0.45038315596040324,-0.4855546131964857,-0.3431268664931877,1.0,2.737721083005691
-0.5915386581993793,0.7991647073038706,0.17209486131448093,1.0,0.7513613099684386,-1.0,1.6676675926446554
-0.030323080512207,-0.2731616087211628,-0.2818368552303824,-0.15698984500269964,1.0,1.0,4.619362541888328
-0.21860006995991024,0.32716802910176646,-0.328566532833917,-0.361201678128249,0.9474033912411691,1.0,6.056161282237873
-0.722001397514509,-0.13905219686770354,0.9422481334151113,-0.13140073723179707,0.5719615511393628,1.0,-1.0679626291095932
1.0,0.23744682518431703,-0.07026988758856356,0.3457369052741198,-0.1384594683682021,0.6897461282841626,1.6887015968670136
-0.6201693815219285,-1.0,-1.0,-1.0,-1.0,-0.08982379752171321,-0.8237114252828981
0.9375712549801043,0.009487067254093262,-0.3309890184746587,1.0,1.0,0.21955238728277848,-3.192935845954066
0.5121464273432486,0.2658799752450278,1.0,0.8240930593911551,0.12422766478049606,-0.15858874942887624,-1.1677260279407968
-1.0,-1.0,-0.9292256460275441,-1.0,1.0,1.0,-0.2725297078214458
0.42852530815879464,-0.5129640827251596,-0.9816310854437957,-0.04087962578926585,-1.0,-0.9880053978433712,3.1935147378425164
-1.0,-0.13710213607491806,-0.594175773839159,0.03376175554786831,-1.0,-0.9798087765110594,-0.4796776143450478
0.35135473798861616,1.0,0.8362260488397119,0.4830483796242533,1.0,0.999513474000117,-1.7497753655128
0.11099018778012307,0.6696586632466454,-1.0,-0.5419431235607949,-0.28891433465118055,-0.20123477945609658,-0.13635436561492534
-0.5796203192198452,-0.09385743287510695,-1.0,-1.0,1.0,-1.0,5.672893377271696
1.0,0.4575713014843281,1.0,1.0,0.13768743458448968,-0.9176815175607359,1.8129004214461562
1.0,-1.0,-1.0,0.46119947053688926,0.15063049217559776,-1.0,-1.1687878055608525
-1.0,-0.9473607159301823,0.13931347055397458,0.23769760604844772,0.22623543352374686,-0.1420991176302684,1.1298672587302316
-0.8022845680745327,0.10877739019987581,-0.01696415238877025,-1.0,-0.32418923901868824,-0.8813827968088748,1.1560341875481286
-0.21349592346495672,0.9979932003498796,-0.5968137413675484,0.4305636503293292,1.0,-0.28269806164384514,2.720345542853006
-0.35795656284763555,-1.0,-0.21438930249049282,-1.0,0.5826381174333783,-0.8797252767664914,4.656547725579249
-0.6218166059812462,-0.8055713645285263,-0.5232970222745958,-0.43316405068053854,0.3288707106586517,1.0,2.307312818615786
-0.004665850325843324,-1.0,-1.0,-0.8760115369644165,0.18252079315310646,0.9526512840574151,-0.3861299702931396
-0.9254360920343814,-1.0,-0.3284472195034662,-1.0,0.18108717935381352,0.8417057102396,-3.6275707398641464
1.0,1.0,0.5349968581612325,0.3669072808600764,-0.7591953760441256,-0.2645908500041459,1.3361984605863066
-1.0,-1.0,-1.0,-0.3424615722796174,0.49293867656459467,0.6226736694706098,-2.2032120398913175
1.0,0.4099382224256076,-0.07859820607593537,0.21057753074704588,-0.13169670526242372,1.0,2.95234007586786
-1.0,-0.5547860544307595,-1.0,-0.9704315143164712,-1.0,-1.0,3.1217568611384654
1.0,1.0,0.5065990948578325,-0.5359838438243405,0.03789694330850324,0.794526376679642,1.1938054324969536
-1.0,0.3318159762622622,-0.5022944059440355,-1.0,-0.8190851262735199,0.20871335361494103,0.18595075718284704
0.6556142477562881,-0.022110000199726976,-0.500497268472706,0.017187976530634197,-0.3247095906565871,-1.0,4.070915789508799
-0.13308884204829144,-0.5601917019422289,0.5223445582660216,-0.3703263027632171,1.0,1.0,1.220427123910485
0.9230877241503403,1.0,-0.5118767143141634,0.542813079775682,-1.0,-1.0,7.4581114608091905
0.8313452836897937,1.0,0.06207846003615697,1.0,0.0976651470570351,1.0,2.5291385884854116
0.5043404801276028,-0.22113993523293268,0.3214236551664791,-0.8177324909271764,-0.31925653783197006,0.8345893653798592,2.553134907283174
-1.0,-1.0,-1.0,0.18962796333679854,-0.8624326934635232,0.03653053321495847,-6.494451881012806
0.1701452160244623,-0.46532072994603296,-0.4962455942697348,1.0,0.22202381720869302,1.0,4.544165087302419
1.0,0.7722087401011324,0.8191826158779267,0.08555087544803541,-0.7034740372418169,-0.8179540683031693,4.13659419066499
0.874633408196782,0.05175841347866872,0.46044154907872287,1.0,-0.22726389170235856,1.0,3.631897517215038
1.0,0.5838335716292733,-0.08494405194673582,0.010933889336654956,-0.782850484154954,1.0,7.161242196022513
-0.7001431643761504,0.14975195522627383,-0.2571962931565087,-0.6840658081287403,-0.3843272296206006,-1.0,2.082531245820542
0.6880304013210972,1.0,0.9910073961445068,0.953598343515561,-1.0,-0.1327610393164842,2.237418778813686
